Allstate Insurance-Jason Hrbrs,(630) 796-7330,,,,,1 Tiffany Pt # 202,Bloomingdale,IL,60108,(630) 351-5124
Allstate Insurance-Jason Lnsnk,(847) 397-7878,Jason,Lensink,,,123 E Lake St # 305,Bloomingdale,IL,60108,(630) 539-7199
Allstate Insurance-Jason Plumb,(217) 522-7102,Jason,Plumb,,,142 S Gary Ave,Bloomingdale,IL,60108,(630) 283-0127
Allstate Insurance-Jay B,(708) 429-1802,Jay,Lindberg,,,369 W Army Trail Rd # 7,Bloomingdale,IL,60108,(630) 529-9790
Allstate Insurance-Jay Marino,(630) 427-1700,Jack,Hunter,,,108 E Lake St # 2,Bloomingdale,IL,60108,(630) 980-9858
Allstate Insurance-Jean Fsczk,(708) 974-2800,Jean,Fasiczka,,,308 W Main St,Carpentersville,IL,60110,(847) 426-6241
Allstate Insurance-Jeanne NCC,(847) 402-5175,Jeanne,Nuccio,,,850 S 4th St,Dekalb,IL,60115,(815) 758-2810
Allstate Insurance-Jeffrey,(815) 828-4688,Daniel,Avalos,,,400 E Hillcrest Dr # 150,Dekalb,IL,60115,(815) 748-4819
Allstate Insurance-Jeffrey,(630) 553-1280,Jeff,Dziedzic,,,1812 Sycamore Rd # B,Dekalb,IL,60115,(815) 756-1895
Allstate Insurance-Jennifer,(618) 659-2199,Jennifer,Ladd,,,2587 Sycamore Rd # D,Dekalb,IL,60115,(815) 756-2970
Allstate Insurance-Jennifer,(708) 645-3000,,,,,1991 Huntley Rd,Dundee,IL,60118,
Allstate Insurance-Jennifer,(618) 254-2300,Jennifer,Ladd Dabbs,,,719 W Main St,West Dundee,IL,60118,(847) 428-3173
Allstate Insurance-Jerome,(708) 857-8200,Rick,Redman,,,135 S Main St # 1,Elburn,IL,60119,(630) 405-5203
Allstate Insurance-Jesse Mrqz,(708) 425-4200,Jesse,Marquez,,,1130 Dundee Ave,Elgin,IL,60120,(847) 697-5900
Allstate Insurance-Jessica,(618) 452-9000,Jessica,Harrison,,,840 Summit St # E,Elgin,IL,60120,(847) 468-7477
Allstate Insurance-Jessica,(618) 632-1515,Jessica,Harrison,,,53 Douglas Ave,Elgin,IL,60120,(847) 888-9875
Allstate Insurance-Jessica,(618) 667-8494,Jessica,Harrison,,,1380 Dundee Ave # D,Elgin,IL,60120,(847) 888-9185
Allstate Insurance-Jill Ellis,(815) 226-0202,Jill,Ellis-Craig,,,1 American Way # 2,Elgin,IL,60120,(847) 695-7338
Allstate Insurance-Jill Ellis,(815) 899-8030,Jill,Ellis-Craig,,,1972 Larkin Ave # F,Elgin,IL,60123,(847) 742-4047
Allstate Insurance-Jim Dfrncsc,(773) 929-9400,Jim,Defrancesca,,,1245 Larkin Ave,Elgin,IL,60123,(847) 742-9100
Allstate Insurance-Jim Felts,(815) 397-6050,Joseph,North,,,60 Tyler Creek Plz,Elgin,IL,60123,(847) 289-8700
Allstate Insurance-Jim Hfschld,(847) 749-1870,Jim,Haufschild,,,1881 Larkin Ave # B,Elgin,IL,60123,(847) 888-4540
Allstate Insurance-Jim Towns,(630) 761-0200,Jim,Towns,,,707 N York St # 102,Elmhurst,IL,60126,(630) 530-4380
Allstate Insurance-Jim Winn,(847) 566-7500,Jim,Winn,,,114 W Vallette St,Elmhurst,IL,60126,(630) 833-6587
Allstate Insurance-Joanna Kpc,(773) 625-1770,Joanna,Kapica,,,340 W Butterfield Rd # Lb,Elmhurst,IL,60126,(630) 592-1882
Allstate Insurance-Joe Conde,(847) 597-8600,Joe,Conde,,,PO Box 359,Elmhurst,IL,60126,(630) 832-9477
Allstate Insurance-Joe Schndr,(312) 787-0221,Joe,Snyder,,,541 S York St,Elmhurst,IL,60126,(630) 279-0040
Allstate Insurance-Joel Aiken,(618) 242-4800,Joel,Aiken,,,169 E Butterfield Rd # 2,Elmhurst,IL,60126,(630) 833-8301
Allstate Insurance-John Bucaro,(630) 690-8800,Luke,Haynes,,,7601 Madison St # B,Forest Park,IL,60130,(708) 366-3794
Allstate Insurance-John Casey,(773) 478-7171,John,Casey,,,9649 Grand Ave,Franklin Park,IL,60131,
Allstate Insurance-John Clstrd,(630) 833-1955,John,Closterides,,,9567 Franklin Ave,Franklin Park,IL,60131,(847) 649-1777
Allstate Insurance-John Ghlrd,(708) 444-1850,John,Wegner,,,1226 E Lake St,Hanover Park,IL,60133,(630) 213-6070
Allstate Insurance-John Luzzo,(708) 385-5300,John,Luzzo,,,1752 E Lake St,Hanover Park,IL,60133,
Allstate Insurance-John Martin,(708) 430-9300,John,Martin,,,7205 Olde Salem Cir,Hanover Park,IL,60133,(630) 289-6778
Allstate Insurance-John Noonan,(847) 392-2400,John,Noonan,,,2442 Army Trail Rd,Hanover Park,IL,60133,
Allstate Insurance-John Rybrsk,(630) 393-9585,Stewart,Finley,,,6734 Barrington Rd,Hanover Park,IL,60133,(630) 830-7117
Allstate Insurance-John S Grls,(630) 351-3720,John,Geroulis,,,402 E State St,Geneva,IL,60134,(331) 248-0086
Allstate Insurance-John Stndfr,(618) 466-4403,John,Standefer,,,2630 Kaneville Ct,Geneva,IL,60134,
Allstate Insurance-John Tnnll,(773) 681-5400,John,Tunnell,,,402 E State St,Geneva,IL,60134,(331) 248-0086
Allstate Insurance-John Zhen,(630) 435-0500,John,Zhen,,,2401 Kaneville Rd # 2,Geneva,IL,60134,(630) 262-2010
Allstate Insurance-Jon Crnblt,(847) 588-1200,Daniel P,Hourihane,,,1109 Randall Ct,Geneva,IL,60134,
Allstate Insurance-Jonathan,(773) 881-1770,Lynne O,Mara,,,1 N 1st St,Geneva,IL,60134,(630) 232-0089
Allstate Insurance-Jose Chavez,(708) 795-1400,Jose,Chavez,,,318 W Main St # 1,Genoa,IL,60135,(815) 784-6627
Allstate Insurance-Jose Gomez,(773) 777-7520,Jose,Gomez,,,111 E Higgins Rd,Gilberts,IL,60136,(847) 844-1925
Allstate Insurance-Jose L,(708) 450-4000,Jose L,Rodriguez,,,577 Pennsylvania Ave # 101,Glen Ellyn,IL,60137,(630) 545-0246
Allstate Insurance-Joseph,(773) 239-6840,Joseph,Ziegler Jr,,,435 Melrose Ave,Glen Ellyn,IL,60137,(630) 858-7357
Allstate Insurance-Joseph,(224) 475-0195,Joseph,Seminaris,,,346 Taft Ave # 100b,Glen Ellyn,IL,60137,(630) 469-0318
Allstate Insurance-Joseph,(815) 254-2442,Joseph,Ruggirello,,,501 Pennsylvania Ave # 1,Glen Ellyn,IL,60137,(630) 469-8757
Allstate Insurance-Joseph Tenn,(773) 585-3100,Joseph,Tenn,,,491 Roosevelt Rd,Glen Ellyn,IL,60137,(630) 469-4111
Allstate Insurance-Joseph Vldv,(773) 202-9911,Joseph,Valdivia,,,1210 Roosevelt Rd,Glen Ellyn,IL,60137,(630) 620-5475
Allstate Insurance-Joshua Mrcr,(773) 598-4530,Joshua,Mercer,,,2198 Gladstone Ct # B,Glendale Heights,IL,60139,(630) 351-9460
Allstate Insurance-Juan Del Rl,(708) 652-8000,Juan,Del Real,,,213 E Army Trail Rd,Glendale Heights,IL,60139,
Allstate Insurance-Justin Eggr,(847) 607-6610,Beth,Busija,,,1140 N Main St,Glendale Heights,IL,60139,
Allstate Insurance-Kathy,(847) 505-0844,Kathy,Szymczak,,,1122 Bloomingdale Rd,Glendale Heights,IL,60139,(630) 871-3003
Allstate Insurance-Katlyn Eggr,(630) 225-9325,Katlyn,Eggar,,,1740 Bloomingdale Rd,Glendale Heights,IL,60139,(630) 462-8160
Allstate Insurance-Katlyn Eggr,(630) 225-9325,Paul,Thompson,,,PO Box 185,Hampshire,IL,60140,(847) 683-3621
Allstate Insurance-Katrina,(773) 581-3334,Raymond,Larson,,,10395 Vine St,Huntley,IL,60142,(847) 607-6647
Allstate Insurance-Keith Tobin,(847) 550-0545,Keith,Tobin,,,PO Box 1031,Huntley,IL,60142,(224) 569-2827
Allstate Insurance-Kelli,(708) 515-9290,Kelli,Davenport,,,10773 N IL Route 47,Huntley,IL,60142,(847) 515-1901
Allstate Insurance-Kelly Frsch,(815) 200-4849,Kelly,Freschi,,,921 W Irving Park Rd,Itasca,IL,60143,(630) 773-3470
Allstate Insurance-Kenneth,(847) 824-4158,Kenneth,Petrillo,,,837 Westmore Meyers Rd,Lombard,IL,60148,
Allstate Insurance-Kenneth,(618) 355-7900,Kenneth,Hartenstein,,,346 S Main St,Lombard,IL,60148,
Allstate Insurance-Kenneth,(630) 653-8100,Kenneth,Klingberg,,,330 E Roosevelt Rd # 150,Lombard,IL,60148,(630) 519-3935
Allstate Insurance-Kevin Cldr,(815) 729-2100,Kevin,Calder,,,56 N Columbine Ave,Lombard,IL,60148,
Allstate Insurance-Kevin Cldr,(630) 963-2100,Kevin,Calder,,,819 E Saint Charles Rd # C,Lombard,IL,60148,
Allstate Insurance-Kevin Dhrty,(847) 419-8100,John,Waldman,,,1196 S Main St # A,Lombard,IL,60148,(630) 622-1092
Allstate Insurance-Kevin Grady,(312) 274-9720,Kevin,Grady,,,118 W Saint Charles Rd # 2,Lombard,IL,60148,(630) 620-9872
Allstate Insurance-Kevin Jrdn,(847) 816-2050,Randy,Flicek,,,700 S Main St # A,Lombard,IL,60148,(630) 268-1919
Allstate Insurance-Kevin Kll,(630) 320-6777,Kevin,Kaleel,,,1218 S Highland Ave,Lombard,IL,60148,(630) 812-1811
Allstate Insurance-Kevin Lac,(630) 428-1600,Kevin,Lac,,,18w419 Roosevelt Rd,Lombard,IL,60148,(630) 629-7653
Allstate Insurance-Kevin M Van,(847) 884-7800,Kevin M,Van,,,2s501 Hope Ln,Lombard,IL,60148,
Allstate Insurance-Kevin M Van,(847) 797-8100,Kevin M,Van Jr,,,631 E Grant Hwy,Marengo,IL,60152,(815) 568-6399
Allstate Insurance-Kevin Rouse,(815) 676-3838,Kevin,Rouse,,,1027 S 17th Ave,Maywood,IL,60153,(708) 345-9930
Allstate Insurance-Kevin Tlmn,(847) 491-9400,Kevin,Taalman,,,1025 S 17th Ave,Maywood,IL,60153,(708) 338-0614
Allstate Insurance-Kraigg KNRY,(309) 792-8200,Kraigg,Knary,,,10526 W Cermak Rd # 119,Westchester,IL,60154,(708) 409-1180
Allstate Insurance-Kristi,(630) 759-8890,Douglas,Askren,,,3064 Wolf Rd,Westchester,IL,60154,(708) 531-1193
Allstate Insurance-Kurt Bchhlz,(630) 469-4700,Kurt,Buchholz,,,9999 W Roosevelt Rd,Westchester,IL,60154,(708) 343-9246
Allstate Insurance-Kyle,(630) 833-6400,Kyle,Vanderbrug,,,10440 W Cermak Rd,Westchester,IL,60154,(708) 562-2554
Allstate Insurance-Lamont,(773) 268-8288,Lamont,Robinson,,,10526 W Cermak Rd # 204,Westchester,IL,60154,(708) 562-4220
Allstate Insurance-Laura Hghs,(618) 549-2299,Laura,Hughes,,,3017 Wolf Rd,Westchester,IL,60154,(708) 298-5433
Allstate Insurance-Laurice Fld,(217) 698-0600,Michael,Jankovsky,,,10710 31st St,Westchester,IL,60154,(708) 531-9112
Allstate Insurance-Lei Auyeung,(312) 791-0700,Lei,Auyeung,,,1933 S Mannheim Rd,Westchester,IL,60154,(708) 397-4116
Allstate Insurance-Leslie W,(773) 836-1500,Leslie W,Bratko,,,1406 W Roosevelt Rd,Broadview,IL,60155,
Allstate Insurance-Leslie Wds,(773) 952-6211,Leslie,Woods,,,2120 S 17th Ave,Broadview,IL,60155,(708) 865-7729
Allstate Insurance-Liberty,(847) 362-8350,,,,,2100 W Roosevelt Rd,Broadview,IL,60155,(708) 345-6836
Allstate Insurance-Lindsey,(708) 799-3090,Lindsey,Vitkauskas,,,9211 S IL Route 31,Lake In The Hls,IL,60156,(847) 458-8348
Allstate Insurance-Lonnie,(708) 532-0700,Lonnie,Primavera,,,4581 Princeton Ln # 117,Lake In The Hls,IL,60156,(847) 515-3501
Allstate Insurance-Louis,(630) 548-5400,Louis,Dimaggio,,,4670 W Algonquin Rd,Lake In The Hls,IL,60156,(847) 515-2525
Allstate Insurance-Louis Dodd,(708) 868-2800,Louis,Dodd,,,1414 W Lake St,Melrose Park,IL,60160,(708) 450-0240
Allstate Insurance-Lucia Hauge,(815) 623-7131,Lucia,Hauge,,,1010 W Lake St,Melrose Park,IL,60160,
Allstate Insurance-Madeline,(630) 789-5882,Madeline,Lopresti,,,501 W North Ave # 101,Melrose Park,IL,60160,(708) 344-7476
Allstate Insurance-Maggie,(630) 468-2990,Maggie,Barashka,,,2201 W Lake St # 1,Melrose Park,IL,60160,
Allstate Insurance-Malena,(708) 499-1077,Malena,Hallberg,,,1807 N 19th Ave,Melrose Park,IL,60160,(708) 345-5988
Allstate Insurance-Malham,(773) 927-4280,Ron,Malham,,,4415 Harrison St # 308,Hillside,IL,60162,(708) 449-6462
Allstate Insurance-Marc Turim,(847) 998-1306,Marc,Turim,,,4828 Butterfield Rd,Hillside,IL,60162,(708) 202-1077
Allstate Insurance-Maria Beata,(773) 775-1600,Maria B,Kapelski,,,5337 Saint Charles Rd,Berkeley,IL,60163,(708) 540-4965
Allstate Insurance-Marianne Vl,(773) 467-8600,Marianne,Viola,,,404 E North Ave # 1,Northlake,IL,60164,(708) 562-3219
Allstate Insurance-Maribel,(773) 572-9495,Maribel,Marron,,,135 E North Ave # A,Northlake,IL,60164,(708) 344-7073
Allstate Insurance-Marilyn,(773) 779-2500,Marilyn,Posley,,,2356 Hassell Rd # J,Hoffman Estates,IL,60169,(847) 884-1964
Allstate Insurance-Mario Mlndz,(815) 625-1535,Mario,Melendez,,,2340 W Higgins Rd,Hoffman Estates,IL,60169,(847) 252-7436
Allstate Insurance-Mariola,(773) 237-5600,Mariola,Dybas,,,3150 W Higgins Rd # 135,Hoffman Estates,IL,60169,(847) 882-5046
Allstate Insurance-Mark Havlic,(847) 402-7500,Roger,Einbecker,,,8515 Grand Ave # 1,River Grove,IL,60171,(708) 452-1080
Allstate Insurance-Mark Havlic,(847) 680-7500,Mark,Havlic,,,1264 Lake St,Roselle,IL,60172,(630) 893-2910
Allstate Insurance-Mark Moskal,(815) 356-6600,Mark,Moskal,,,632 Lake St,Roselle,IL,60172,
Allstate Insurance-Mark Tellez,(773) 277-5111,Mark,Tellez,,,24w445 Lake St # A,Roselle,IL,60172,(630) 980-9585
Allstate Insurance-Mark WYNN,(773) 539-0600,Mark,Wynn,,,605 E Irving Park Rd,Roselle,IL,60172,(630) 980-9499
Allstate Insurance-Martin Vldz,(773) 745-8700,Martin,Valdez,,,830 E Higgins Rd # 111a,Schaumburg,IL,60173,
Allstate Insurance-Mary Schur,(630) 369-0759,Mary,Schur,,,1701 E Woodfield Rd # 415,Schaumburg,IL,60173,(847) 985-0097
Allstate Insurance-Maryl Smith,(847) 437-9966,Ken,Smith,,,870 E Higgins Rd # 146,Schaumburg,IL,60173,(847) 843-4301
Allstate Insurance-Matthew,(815) 654-9500,Matthew,Ellingson,,,3755 E Main St # 200,St Charles,IL,60174,
Allstate Insurance-Matthew Lvy,(773) 363-4718,Matthew,Levy,,,2020 Dean St # J,St Charles,IL,60174,(331) 248-0086
Allstate Insurance-Melissa,(815) 469-8200,Melissa,Potempa,,,451 Dunham Rd # 200,St Charles,IL,60174,(630) 320-6778
Allstate Insurance-Melvin,(708) 960-0368,Melvin,Flowers,,,405 Illinois Ave # 2a,St Charles,IL,60174,(630) 584-1150
Allstate Insurance-Michael,(309) 663-8918,Michael,Rudicil,,,1930 W Main St,St Charles,IL,60174,(630) 443-6900
Allstate Insurance-Michael,(847) 305-1160,Michael,Kuster,,,2560 Foxfield Rd # 260,St Charles,IL,60174,(630) 513-1209
Allstate Insurance-Michael,(217) 875-4500,Michael,Rudicil,,,311 N 2nd St # 106,St Charles,IL,60174,(630) 377-1302
Allstate Insurance-Michael,(630) 598-9980,Michael,Mizwicki,,,3837 E Main St,St Charles,IL,60174,
Allstate Insurance-Michael,(847) 458-8990,Michael,Murray,,,40w148 Campton Xing Dr # A,St Charles,IL,60175,
Allstate Insurance-Michael,(708) 418-0500,Michael,Obrien,,,3740 25th Ave # D,Schiller Park,IL,60176,(847) 671-0925
Allstate Insurance-Michael,(618) 344-3600,Michael,Farinella,,,1283 W Spring St,South Elgin,IL,60177,(630) 908-5306
Allstate Insurance-Michael,(847) 965-3800,Michael,Molitor,,,476 Briargate Dr,South Elgin,IL,60177,(847) 214-0206
Allstate Insurance-Michael,(618) 622-4685,Michael,Auffenberg,,,368 Sundown Rd,South Elgin,IL,60177,(847) 841-5175
Allstate Insurance-Michael,(618) 624-8937,Michael,Auffenberg,,,311 Randall Rd,South Elgin,IL,60177,(847) 741-5787
Allstate Insurance-Michael,(217) 698-0600,Michael,Jankovsky,,,1565 Dekalb Ave # D,Sycamore,IL,60178,(815) 899-8039
Allstate Insurance-Michael,(630) 584-7300,Michael,Hardesty,,,331 W State St,Sycamore,IL,60178,(815) 991-2001
Allstate Insurance-Michael,(217) 384-8150,Mike,Rudicil,,,3333 Beverly Rd,Hoffman Estates,IL,60179,(847) 286-3525
Allstate Insurance-Michael,(309) 444-9700,Michael,Jankovsky,,,18w100 22nd St # 122,Oakbrook Terrace,IL,60181,
Allstate Insurance-Michael Dfz,(847) 559-1800,Michael,Defazio,,,332 E Kenilworth Ave,Villa Park,IL,60181,
Allstate Insurance-Michael Ws,(618) 205-6060,Mike,Wies,,,100 E Roosevelt Rd # 4,Villa Park,IL,60181,(630) 516-0151
Allstate Insurance-Miguel,(630) 230-1819,Miguel,Gonzalez,,,1s132 Summit Ave # 207,Oakbrook Terrace,IL,60181,(630) 620-6458
Allstate Insurance-Mike Milkes,(773) 508-9600,Mike,Milkes,,,18w044 22nd St,Oakbrook Terrace,IL,60181,(630) 953-4119
Allstate Insurance-Mindy Blnc,(773) 384-6500,Arminda,Blanco-Munoz,,,229 W Saint Charles Rd,Villa Park,IL,60181,(630) 834-8286
Allstate Insurance-Mistie J,(815) 933-9396,Mistie,Whitlow,,,229 W Saint Charles Rd,Villa Park,IL,60181,(630) 834-8286
Allstate Insurance-Mohammed,(708) 529-0910,Mohammed,Jaber,,,108 Galena St,West Chicago,IL,60185,(630) 231-7756
Allstate Insurance-Nancy Hrrr,(815) 254-2541,Nancy,Herrera,,,31w007 North Ave # 102,West Chicago,IL,60185,(630) 293-9635
Allstate Insurance-Nathan Dean,(630) 833-8100,Nathan,Dean,,,110 Galena St,West Chicago,IL,60185,(630) 231-4661
Allstate Insurance-Neil Lewis,(847) 215-3400,Neil,Lewis,,,200 W North Ave # 600,West Chicago,IL,60185,(630) 231-3333
Allstate Insurance-Nicholas,(847) 249-9700,,,,,145 W Roosevelt Rd,West Chicago,IL,60185,(630) 231-7659
Allstate Insurance-Nicholas,(847) 249-9700,Nick,Fritchen,,,1811 N Main St # D,Wheaton,IL,60187,(630) 653-9016
Allstate Insurance-Nick,(773) 743-7800,Jerry,Boubin,,,300 S County Farm Rd # D,Wheaton,IL,60187,(630) 588-9626
Allstate Insurance-Nick Del,(708) 354-1260,Charles,Courtney,,,1329 N Main St,Wheaton,IL,60187,(630) 682-9938
Allstate Insurance-Nuha Abbadi,(630) 283-0121,Nuha,Abbadi,,,1329 N Main St,Wheaton,IL,60187,(630) 682-9938
Allstate Insurance-Oscar Stn,(708) 385-7171,Oscar,Seaton,,,324 S Main St,Wheaton,IL,60187,(630) 690-3138
Allstate Insurance-Pam Gleich,(847) 251-6464,Pam,Gleich,,,1525 E Roosevelt Rd,Wheaton,IL,60187,(630) 668-4757
Allstate Insurance-Pat Cllghn,(708) 425-1000,Pat,Callaghan,,,1329 N Main St,Wheaton,IL,60187,(630) 682-9938
Allstate Insurance-Patrick,(708) 361-6872,Patrick,Duggins,,,824 N President St,Wheaton,IL,60187,
Allstate Insurance-Patrick,(815) 991-2003,Patrick,Shafer,,,300 S County Farm Rd # D,Wheaton,IL,60187,(630) 588-9626
Allstate Insurance-Patrick M,(847) 934-9480,Patrick,Mchugh,,,263 W Elk Trl,Carol Stream,IL,60188,(630) 665-9856
Allstate Insurance-Patsy Hrrs,(773) 445-8837,Patsy,Harris,,,545 E North Ave,Carol Stream,IL,60188,
Allstate Insurance-Patty Yaris,(217) 546-7300,Patty,Yaris,,,431 E Geneva Rd,Carol Stream,IL,60188,(630) 510-9555
Allstate Insurance-Paul,(847) 587-8251,Paul,Fjellstedt,,,1n149 Gary Ave,Carol Stream,IL,60188,(630) 260-1925
Allstate Insurance-Paul Cllns,(630) 264-0330,Paul,Collins,,,796 W Army Trail Rd,Carol Stream,IL,60188,(630) 289-9728
Allstate Insurance-Paul Dasso,(847) 359-1498,Paul,Dasso,,,287 Rice Lake Sq,Wheaton,IL,60189,(630) 653-3598
Allstate Insurance-Paul F Brtn,(708) 599-6555,Paul,Bertino,,,27w233 Geneva Rd,Winfield,IL,60190,(630) 653-8181
Allstate Insurance-Paul Lee,(847) 423-2380,Paul,Lee,,,330 Georgetown Sq # 100,Wood Dale,IL,60191,(630) 238-8252
Allstate Insurance-Paula Kelly,(708) 758-3300,Paula,Kelly,,,367 Georgetown Sq,Wood Dale,IL,60191,(630) 477-0445
Allstate Insurance-Pawel,(773) 586-3100,Pawel,Figlewicz,,,143 Front St,Wood Dale,IL,60191,(630) 766-6164
Allstate Insurance-Perry Good,(312) 482-8464,Perry,Good,,,1750 W Algonquin Rd,Hoffman Estates,IL,60192,(847) 884-1964
Allstate Insurance-Pete Frnndz,(773) 252-2100,Pete,Fernandez Cpcu,,,105 S Roselle Rd # 205,Schaumburg,IL,60193,(847) 352-1247
Allstate Insurance-Pete Frnndz,(312) 943-8081,Charles,Djordjevich,,,471 W Wise Rd,Schaumburg,IL,60193,(847) 895-5491
Allstate Insurance-Peter F,(847) 470-9700,Peter,Olson,,,883 S Roselle Rd,Schaumburg,IL,60193,(847) 301-9517
Allstate Insurance-Phoenix Ins,(847) 362-0099,Sedrik,Newbern,,,525 W Wise Rd # C,Schaumburg,IL,60193,(847) 352-2957
Allstate Insurance-Priscilla,(847) 223-2277,Priscilla,Callans,,,1829 W Golf Rd,Schaumburg,IL,60194,(224) 653-9570
Allstate Insurance-Raj Bgwd,(630) 629-1900,Raj,Bagewadi,,,837 E Schaumburg Rd,Schaumburg,IL,60194,
Allstate Insurance-Randy Flck,(847) 362-9597,Randy,Flicek,,,1087 N Salem Dr,Schaumburg,IL,60194,(847) 882-7760
Allstate Insurance-Randy Fox,(630) 530-1277,Randy,Fox,,,853 E Schaumburg Rd,Schaumburg,IL,60194,(847) 891-7130
Allstate Insurance-Randy Frank,(847) 961-4370,Randy,Frank,,,2303 W Schaumburg Rd,Schaumburg,IL,60194,(847) 891-2229
Allstate Insurance-Rawia Murad,(708) 531-8700,Rawia,Murad,,,1499 W Schaumburg Rd,Schaumburg,IL,60194,(847) 895-6387
Allstate Insurance-Ray Cook,(630) 257-6692,Ray,Cook,,,1226 N Roselle Rd # A,Schaumburg,IL,60195,(847) 310-1722
Allstate Insurance-Raymond LA,(847) 674-7000,Raymond,Mantia,,,909 Foster St # 100,Evanston,IL,60201,(847) 328-8903
Allstate Insurance-Rebecca,(847) 516-1500,Rebecca,Wesolowicz,,,1800 Central St,Evanston,IL,60201,(847) 869-0681
Allstate Insurance-Rebecca,(773) 776-2500,Rebecca,Bramwell,,,807 Chicago Ave,Evanston,IL,60202,(847) 492-0185
Allstate Insurance-Rebecca,(847) 737-4262,Rebecca,Wesolowicz,,,829 Chicago Ave,Evanston,IL,60202,(847) 869-1101
Allstate Insurance-Renata Kpc,(630) 539-2000,Renata,Kapica,,,1727 Howard St,Evanston,IL,60202,(847) 866-8380
Allstate Insurance-Rey Rojas,(815) 770-3003,Rey,Rojas,,,721 Dodge Ave,Evanston,IL,60202,(847) 328-4126
Allstate Insurance-Rhonda M Mr,(773) 994-6700,Rhonda,Moore,,,829 Main St,Evanston,IL,60202,(847) 869-2422
Allstate Insurance-Richard,(312) 765-7080,,,,,9547 Crawford Ave,Evanston,IL,60203,(847) 677-0860
Allstate Insurance-Richard,(618) 632-6055,Richard,Smith,,,191 N Marion St,Oak Park,IL,60301,(708) 383-2107
Allstate Insurance-Rick Kaleel,(630) 724-9071,Louie,O'Donnell,,,1106 Chicago Ave,Oak Park,IL,60302,(708) 850-4959
Allstate Insurance-Rick Lanham,(847) 745-4456,Rick,Lanham,,,647 Madison St,Oak Park,IL,60302,(708) 358-8103
Allstate Insurance-Rick Vllrrl,(630) 231-7900,Rick,Villarreal,,,854 Madison St # 1,Oak Park,IL,60302,
Allstate Insurance-Robert,(847) 853-8280,Robert,Josellis,,,310 Chicago Ave # 2,Oak Park,IL,60302,(708) 524-5362
Allstate Insurance-Robert,(630) 859-9850,Robert,Glenn,,,949 Garfield St,Oak Park,IL,60304,
Allstate Insurance-Robert,(630) 230-1819,Robert,Pigott,,,7621 Lake St,River Forest,IL,60305,
Allstate Insurance-Robert Mnzk,(708) 636-8800,Andrew,Donnelly,,,7417 North Ave,River Forest,IL,60305,(708) 488-0412
Allstate Insurance-Rochelle,(708) 343-9222,Rochelle,Stevenson,,,7975 Lake St,River Forest,IL,60305,(708) 771-5450
Allstate Insurance-Rogelio,(773) 545-0606,Rogelio,Odiamar,,,993 Dixie Hwy,Beecher,IL,60401,(708) 946-0234
Allstate Insurance-Roger,(630) 548-5780,Roger,Einbecker,,,6920 Ogden Ave # 2,Berwyn,IL,60402,(708) 788-5500
Allstate Insurance-Roman Sher,(847) 398-3600,Roman,Sher,,,3151 Oak Park Ave,Berwyn,IL,60402,(708) 484-6641
Allstate Insurance-Roman Zldz,(773) 685-9000,Roman,Zoladz,,,6243 Cermak Rd # 1,Berwyn,IL,60402,(708) 393-9733
Allstate Insurance-Ronald,(630) 739-2200,Ronald,Bryant,,,6612 Cermak Rd,Berwyn,IL,60402,(708) 484-7100
Allstate Insurance-Ronald,(630) 810-0200,Ron,Bryant,,,6333 26th St # 1,Berwyn,IL,60402,(708) 749-1336
Allstate Insurance-Rosemary,(773) 725-2155,Rosemary,Campuzano,,,6739 Cermak Rd,Berwyn,IL,60402,(708) 749-0590
Allstate Insurance-Rudy Espino,(773) 672-4010,Rudy,Espino,,,1415 Harlem Ave,Berwyn,IL,60402,(708) 484-0711
Allstate Insurance-Ryan Noe,(708) 452-9600,Ryan,Noe,,,6743 Pershing Rd,Stickney,IL,60402,(708) 749-7550
Allstate Insurance-Ryan Pttrff,(618) 662-3300,Ryan,Pottorff,,,3501 Harlem Ave # 2b,Berwyn,IL,60402,(708) 484-4141
Allstate Insurance-Sandra,(708) 354-1783,Sandra,Simon-Nichols,,,1415 Harlem Ave,Berwyn,IL,60402,(708) 484-0711
Allstate Insurance-Sandra Vgl,(630) 243-6800,Sandra,Vogel,,,2378 Plainfield Rd,Crest Hill,IL,60403,(815) 516-5880
Allstate Insurance-Sarbani,(815) 524-5133,Sarbani,Chowdhury,,,2018 Plainfield Rd,Crest Hill,IL,60403,(815) 729-4842
Allstate Insurance-Scott Gjvk,(630) 925-7565,Scott,Gjovik,,,2233 Theodore St # 2,Crest Hill,IL,60403,(815) 725-5443
Allstate Insurance-Scott Leas,(309) 481-4544,Scott,Leas,,,807 W Jefferson St # R,Shorewood,IL,60404,(815) 725-5927
Allstate Insurance-Scott Nwlng,(630) 941-7787,Scott,Newling,,,572 Brook Forest Ave,Shorewood,IL,60404,(815) 741-2252
Allstate Insurance-Scott Sbstn,(708) 452-2221,Scott,Sebestin,,,12030 Western Ave,Blue Island,IL,60406,(708) 388-4870
Allstate Insurance-Seng,(309) 699-0840,Seng,Sophanavong,,,13018 Western Ave,Blue Island,IL,60406,(708) 385-4683
Allstate Insurance-Sergio Clv,(847) 390-6666,Sergio,Calvo,,,12760 Western Ave,Blue Island,IL,60406,(708) 371-2599
Allstate Insurance-Sheila,(708) 358-8100,Sheila,Stennis,,,1551 Sibley Blvd # 1,Calumet City,IL,60409,(708) 868-0713
Allstate Insurance-Sherri Astn,(708) 346-0700,Sherri,Austin,,,1570 Burnham Ave # 2,Calumet City,IL,60409,(708) 862-6517
Allstate Insurance-Stacy Fxll,(309) 837-3233,Stacy,Foxall,,,702 River Oaks Dr,Calumet City,IL,60409,(708) 933-6215
Allstate Insurance-Stephen,(847) 639-3200,Stephen,Hapanovich,,,592 Torrence Ave,Calumet City,IL,60409,(708) 891-2368
Allstate Insurance-Steve Fejes,(773) 404-2200,Steve,Fejes,,,852 Burnham Ave,Calumet City,IL,60409,(708) 862-3776
Allstate Insurance-Steve Stvrn,(847) 244-1420,Steve,Stavrinou,,,1475 Ring Rd,Calumet City,IL,60409,(708) 862-1119
Allstate Insurance-Steven,(815) 385-0150,Glenn,Tarter,,,525 Burnham Ave,Calumet City,IL,60409,(708) 862-9602
Allstate Insurance-Strategic,(708) 393-6133,Christian,Andalcio,,,25445 S Pheasant Ln # L,Channahon,IL,60410,(815) 255-2034
Allstate Insurance-Susan Smnt,(708) 687-6200,Susan,Semanate,,,25154 W Channon Dr,Channahon,IL,60410,(815) 467-1886
Allstate Insurance-Tammy S,(618) 457-0305,Tammy,Vaughn,,,220 Dixie Hwy,Chicago Heights,IL,60411,(708) 515-9625
Allstate Insurance-Terrence,(708) 452-4344,Terrence,Ivers,,,222 Vollmer Rd # 2d,Chicago Heights,IL,60411,(708) 755-9628
Allstate Insurance-Theresa Abl,(217) 443-6050,Theresa,Abel,,,245 W Joe Orr Rd,Chicago Heights,IL,60411,(708) 755-9395
Allstate Insurance-Thomas,(309) 853-4143,Thomas,Bohorn,,,10619 Ridgeland Ave,Chicago Ridge,IL,60415,(708) 425-9569
Allstate Insurance-Thomas,(815) 875-2802,Tom,Burhorn,,,7000 Southwest Hwy # 101,Chicago Ridge,IL,60415,(708) 361-8259
Allstate Insurance-Thomas Kllr,(630) 829-4999,Thomas,Koller,,,10363 Ridgeland Ave,Chicago Ridge,IL,60415,(708) 425-9012
Allstate Insurance-Tim Arrns,(630) 844-0600,Tim,Arrenius,,,1350 E Division St,Diamond,IL,60416,(815) 634-2252
Allstate Insurance-Tim Maher,(217) 789-1600,Tim,Maher,,,547 W Exchange St,Crete,IL,60417,(708) 672-3115
Allstate Insurance-Tim Thavis,(773) 348-8067,Tim,Thavis,,,1362 W Exchange St,Crete,IL,60417,
Allstate Insurance-Tim Todd,(708) 385-5885,Tim,Todd,,,792 E Sibley Blvd,Dolton,IL,60419,(708) 849-6666
Allstate Insurance-Timothy,(773) 233-3773,Timothy,Leyden,,,19505 Governors Hwy,Flossmoor,IL,60422,(708) 960-0439
Allstate Insurance-Timothy,(773) 779-5959,Timothy,Miller,,,19501 Governors Hwy,Flossmoor,IL,60422,(708) 991-2229
Allstate Insurance-Tina Rjnwsk,(815) 625-1351,Tina,Rajnowski,,,21000 S Frankfort Sq Rd # K,Frankfort,IL,60423,
Allstate Insurance-Todd A,(847) 854-8100,Finley,Simmons,,,20879 S LA Grange Rd,Frankfort,IL,60423,(815) 469-8134
Allstate Insurance-Tom,(708) 364-1300,Tom,Hallberg Jr,,,20550 S LA Grange Rd # 100,Frankfort,IL,60423,(815) 469-4690
Allstate Insurance-Tom Vujatov,(847) 998-1306,Frank,Suspenzi,,,19550 S Harlem Ave # 5,Frankfort,IL,60423,(815) 469-0096
Allstate Insurance-Tony Barda,(847) 470-9797,Tony,Barda,,,15 Oak St # 2a,Frankfort,IL,60423,
Allstate Insurance-Tony Brlnsk,(312) 855-0034,Tony,Burlinski,,,10850 W Laraway Rd # 4w,Frankfort,IL,60423,(815) 469-8170
Allstate Insurance-Tony Wong,(312) 423-1935,Tony,Wong,,,18430 S Halsted St # 208b,Glenwood,IL,60425,(708) 754-9340
Allstate Insurance-Trinas Nly,(618) 622-6100,Trinas,Neely,,,297 E Glnwd Lnsng Rd # 100,Glenwood,IL,60425,(708) 758-0265
Allstate Insurance-VA Bruce,(773) 385-6900,Virginia B,Chung,,,149 E Main St,Glenwood,IL,60425,(708) 758-9386
Allstate Insurance-Victor Hrrr,(815) 729-1188,Victor,Herrera,,,3330 W 159th St,Markham,IL,60428,
Allstate Insurance-Victor Hrrr,(815) 272-2214,Victor,Herrera,,,18224 Kedzie Ave,Hazel Crest,IL,60429,
Allstate Insurance-Victoria,(847) 214-0200,Victoria,Larson,,,17504 E Carriageway Dr # A,Hazel Crest,IL,60429,(708) 799-3187
Allstate Insurance-Viram Chdhr,(847) 979-4444,Viram,Chaudhari,,,17537 Kedzie Ave,Hazel Crest,IL,60429,(708) 647-1814
Allstate Insurance-Walter M,(847) 359-5591,Walter M,Sheldon,,,3601 W 183rd St # D,Hazel Crest,IL,60429,(708) 957-2019
Allstate Insurance-William,(773) 721-0007,William,Ransom,,,1819 170th St # A,Hazel Crest,IL,60429,(708) 335-3767
Allstate Insurance-William,(708) 215-5215,William,Storrs,,,2405 183rd St,Homewood,IL,60430,(708) 798-2113
Allstate Insurance-William Ihz,(708) 444-7700,William,Ihaza,,,18141 Dixie Hwy # 101,Homewood,IL,60430,(708) 798-9001
Allstate Insurance-William Lhy,(847) 483-0700,William,Leahy,,,18661 Dixie Hwy,Homewood,IL,60430,(708) 799-8825
Allstate Insurance-William P,(773) 436-3388,William P,Kosic Jr,,,3007 183rd St,Homewood,IL,60430,(708) 922-0352
Allstate Insurance-Yong Jun,(847) 956-6263,Yong,Jun,,,17943 Halsted St,Homewood,IL,60430,(708) 943-1194
Allstate Insurance-Zheng Mei,(773) 254-5403,Zheng,Mei,,,2349 183rd St,Homewood,IL,60430,(708) 798-2886
Allstate Insurance-Zlatko,(773) 282-9280,Zlatko,Habibovic,,,920 175th St # 1-2,Homewood,IL,60430,(708) 798-4515
Allstate Insurance-Zlatko,(773) 282-9280,Zlatko,Habibovic,,,17700 Dixie Hwy # 1,Homewood,IL,60430,(708) 798-9384
Alton Williams-State Farm Ins,(773) 463-4343,Alton,Williams,,,167 N Chicago St,Joliet,IL,60432,
Cocagne Insurance,(217) 824-9808,Gerald,Cocagne,,,2020 Ogden Ave,Downers Grove,IL,60515,(630) 925-8880
Cody Burroughs-State Farm Ins,(815) 664-5302,Cody,Burroughs,,,960 Warren Ave,Downers Grove,IL,60515,
Cooper-Bumpus Insurance,(217) 348-7621,Lori,Bumpus,,,929 Ogden Ave,Downers Grove,IL,60515,(630) 968-9359
Corey North-State Farm Ins,(309) 694-6285,Ron R,Romani,,,5413 Walnut Ave # 1a,Downers Grove,IL,60515,(847) 358-9204
Corzine Insurance,(618) 827-4442,Bradley,Corzine,,,2930 Finley Rd,Downers Grove,IL,60515,(630) 620-7010
Country Financial,(815) 938-2444,Julie,Haddad,,,5016 Fairview Ave,Downers Grove,IL,60515,(630) 963-2633
Country Financial,(815) 232-5304,Michael,Freier,,,960 Warren Ave,Downers Grove,IL,60515,(630) 968-1026
Country Financial,(815) 232-5304,Michael,Freier,,,1026 Maple Ave,Downers Grove,IL,60515,(630) 241-1380
Country Financial,(309) 246-2570,Ed,Glaser,,,6900 Main St # 110,Downers Grove,IL,60516,(630) 724-9071
Country Financial,(217) 324-4333,Anthony,Marten,,,6400 Woodward Ave # F,Downers Grove,IL,60516,(630) 960-3598
Country Financial,(217) 235-1004,Bill,Applegate,,,6900 Main St # 54,Downers Grove,IL,60516,(773) 283-2362
Craig Brown-State Farm Ins,(630) 837-8250,Craig,Brown,,,414 75th St,Downers Grove,IL,60516,(630) 786-3139
Craig Hudson-State Farm Ins,(618) 498-5531,Craig,Hudson,,,7347 Lemont Rd,Downers Grove,IL,60516,(630) 620-7467
Craig Lincoln-State Farm Ins,(815) 439-3993,Craig,Lincoln,,,9022 Heritage Pkwy,Woodridge,IL,60517,(630) 427-7166
Craig Perry-State Farm Ins,(847) 234-4000,Craig M,Perry,,,7440 Woodward Ave # H,Woodridge,IL,60517,(331) 251-6571
Crossroads Insurance Svc,(309) 758-5071,Keith,Krohe,,,6440 Main St # 140,Woodridge,IL,60517,(630) 427-0812
Cullen Foulks Jr-State Farm,(773) 778-4090,Cullen,Foulks,,,9022 Heritage Pkwy,Woodridge,IL,60517,(708) 444-4405
Curt Ellis-State Farm Ins Agnt,(217) 446-8039,Curt,Ellis,,,7544 Janes Ave,Woodridge,IL,60517,(630) 985-3068
Curtis R Monday-State Farm Ins,(708) 647-1005,Curtis R,Monday,,,2824 75th St,Woodridge,IL,60517,
Cynthia Slater-State Farm Ins,(773) 777-9497,Cynthia,Slater,,,3038 Hobson Rd,Woodridge,IL,60517,(630) 964-2091
D PC & M Insurance,(217) 792-5119,Jeffrey,Clements,,,3040 Hobson Rd,Woodridge,IL,60517,(630) 964-6545
Dale Stevens-State Farm Ins,(630) 830-7100,Dale J,Stevens,,,53 S Washington St,Hinsdale,IL,60521,(630) 789-5886
Dan Cuthbert-State Farm Ins,(847) 228-6620,Daniel W,Cuthbert,,,240 E Ogden Ave # 100,Hinsdale,IL,60521,(630) 748-1318
Dan De LA Cruz-State Farm Ins,(630) 516-0092,Dan,DE LA Cruz,,,123 Post Cir,Hinsdale,IL,60521,(630) 789-2728
Dan Educate-State Farm Ins,(847) 692-5141,Dan,Educate,,,305 Hillcrest Ave,Hinsdale,IL,60521,
Dan Holquist-State Farm Ins,(630) 986-2000,Dan,Holquist,,,13 S Lincoln St,Hinsdale,IL,60521,(630) 323-6412
Dan Jimenez-State Farm Ins,(630) 231-4646,Daniel A,Jimenez,,,240 E Ogden Ave # 100,Hinsdale,IL,60521,(630) 789-6830
Dan Lutz-State Farm Ins Agent,(618) 483-6920,Dan,Lutz,,,1301 W 22nd St # 101,Oak Brook,IL,60523,
Dan Palovick-State Farm Ins,(618) 877-4918,Dan,Palovick,,,1600 16th St # T12,Oak Brook,IL,60523,(630) 786-3366
Dan Pfeifer-State Farm Ins,(309) 347-3484,Julie,Mc Elwee,,,5508 S Brainard Ave,Countryside,IL,60525,(708) 352-7303
Dan Ray State Farm Insurance,(773) 777-8277,Richard,Grady,,,18 E Burlington Ave,La Grange,IL,60525,(708) 352-6340
Dan Schonert-State Farm Ins,(618) 263-3313,Dan,Schonert,,,521 S LA Grange Rd # 100,La Grange,IL,60525,(708) 354-1264
Dan Watzke-State Farm Ins Agnt,(630) 963-2211,Dan,Watzke,,,6555 Willow Springs Rd # 10,La Grange Hlds,IL,60525,(708) 215-5218
Dan Zebert-State Farm Ins Agnt,(847) 699-1650,Daniel J,Zebert,,,7023 Willow Springs Rd # 102,Countryside,IL,60525,
Daniel Ross-Allstate Agent,(630) 859-8900,Dan,Ross,,,5343 S LA Grange Rd,Countryside,IL,60525,(708) 354-1234
Daria Bartkiewicz-State Farm,(773) 930-4760,Daria,Bartkiewicz,,,921 W 55th St # A,Countryside,IL,60525,(708) 579-5921
Darrell Dixson-State Farm Ins,(847) 677-2730,Darrell E,Dixson,,,438 Sherwood Rd,La Grange Park,IL,60526,(708) 357-2537
Darrell Foss-State Farm Ins,(815) 758-5456,Darrell,Foss,,,1005 E 31st St,La Grange Park,IL,60526,(708) 354-1649
Darren Tillis-State Farm Ins,(773) 826-0766,Darren,Tillis,,,10s410 Kingery Hwy # 2,Willowbrook,IL,60527,(630) 321-0860
Darwin Norals-State Farm Ins,(630) 759-3000,Darwin,Norals,,,82 Burr Ridge Pkwy,Burr Ridge,IL,60527,(630) 654-0316
Darwyn Boston-State Farm Ins,(217) 586-4352,Darwyn,Boston,,,621 Plainfield Rd # 205,Willowbrook,IL,60527,(630) 246-2854
Daton Kaisner-State Farm Ins,(217) 698-2900,Daton,Kaisner,,,241 S Frontage Rd # 47,Willowbrook,IL,60527,(630) 325-3798
Dave Barnes Insurance Svc,(618) 236-0024,Dave,Barnes,,,3060 Ogden Ave # 107,Lisle,IL,60532,
Dave Brandmeyer-State Farm Ins,(618) 224-7897,Dave,Brandmeyer,,,5328 Main St # 108,Lisle,IL,60532,(630) 771-9093
Dave Dingman-State Farm Ins,(847) 587-7202,David L,Dingman,,,4758 Main St,Lisle,IL,60532,(630) 963-2214
Dave Frederickson-State Farm,(773) 761-4242,David,Frederickson,,,1213 Maple Ave # 1,Lisle,IL,60532,(630) 971-1165
Dave Hickey-State Farm Ins,(773) 283-7005,David R,Hickey,,,1617 Ogden Ave # 4,Lisle,IL,60532,(630) 963-6155
Dave Homan-State Farm Ins Agnt,(815) 669-5359,Dave,Homan,,,7840 Ogden Ave # 1,Lyons,IL,60534,(708) 447-4572
Dave Margherio-State Farm Ins,(618) 667-2555,Dave,Margherio,,,1710 Douglas Rd,Montgomery,IL,60538,(630) 859-9963
Dave Matheny-State Farm Ins,(618) 382-7383,Dave,Matheny,,,1335 Douglas Ave # C,Montgomery,IL,60538,(630) 859-8793
Dave Miller-State Farm Ins,(847) 298-5080,David,Miller,,,24w500 Maple Ave # 115,Naperville,IL,60540,(630) 355-9985
Dave Rosebraugh-State Farm Ins,(773) 284-1500,David A,Rosebraugh,,,475 River Bend Rd # 103,Naperville,IL,60540,
Dave Rundle-State Farm Ins,(773) 735-0135,David,Rundle,,,24w500 Maple Ave # 115,Naperville,IL,60540,(630) 355-9985
Dave Threlkeld-State Farm Ins,(618) 622-0111,Dave,Threlkeld,,,1212 S Naper Blvd # 120,Naperville,IL,60540,(630) 428-1678
Dave Wians-State Farm Ins Agnt,(773) 774-1500,Elizabeth,Busath,,,1460 E Chicago Ave,Naperville,IL,60540,(331) 213-7673
David Anderson-State Farm Ins,(618) 942-7337,David F,Anderson,,,131 W Jefferson Ave # 211,Naperville,IL,60540,(630) 355-6453
David Bettis-State Farm Ins,(708) 345-6180,David,Bettis,,,111 S Lincolnway # E,North Aurora,IL,60542,(630) 264-0357
David C Slimack-State Farm Ins,(618) 233-3121,David C,Slimack,,,43 S Randall Rd,North Aurora,IL,60542,(630) 859-0414
David Elston-State Farm Ins,(217) 267-3511,David,Elston,,,204 Genesis Dr,North Aurora,IL,60542,(630) 907-9959
David Holtz-State Farm Ins,(309) 444-4441,David,Holtz,,,204 Genesis Dr,North Aurora,IL,60542,(630) 907-0327
David Im-State Farm Ins Agent,(847) 742-2292,David,Im,,,2765 US Highway 34,Oswego,IL,60543,(630) 757-4299
David J Clark Ins Agency Inc,(217) 864-5311,David,Clark,,,4025b US Highway 34,Oswego,IL,60543,
David Meisenheimer-State Farm,(630) 377-1300,David T,Meisenheimer,,,1136 Douglas Rd,Oswego,IL,60543,(630) 554-3388
David Olchowka-State Farm Ins,(847) 985-0777,David,Olchowka,,,PO Box 400,Oswego,IL,60543,(630) 554-9638
David Puma-Allstate Agent,(773) 649-5100,David,Puma,,,2261 Orchard Rd,Oswego,IL,60543,
David Zierke-State Farm Ins,(815) 395-1700,Lisa,Mawyer,,,13717 S Route 30 # 137,Plainfield,IL,60544,(815) 230-5832
Dawn S Hines-State Farm Ins,(708) 841-7000,Dawn,Hines,,,24044 W Main St,Plainfield,IL,60544,(815) 254-2642
Dawson Agency,(815) 235-1355,Jim,Dawson,,,24048 W Lockport St,Plainfield,IL,60544,(815) 436-5857
Dean Badorek-State Farm Ins,(815) 654-5433,Dean E,Badorek,,,623 W US Highway 34 # 1,Plano,IL,60545,(630) 552-8388
Dean Cooper-State Farm Ins,(309) 346-4942,Dean R,Cooper,,,8541 W Cermak Rd,Riverside,IL,60546,(708) 447-4459
Dean Nowicki-State Farm Ins,(708) 749-1335,Dean R,Nowicki,,,105 E Burlington St # 2,Riverside,IL,60546,(708) 447-6985
Debbie Luscombe-State Farm Ins,(708) 301-1512,Debbie,Luscombe,,,8909 W Cermak Rd # 1,Riverside,IL,60546,(708) 447-5883
Dee Clark-State Farm Ins Agent,(309) 647-7711,Dee,Clark,,,7926 W 26th St # 1,Riverside,IL,60546,(708) 442-7757
Dee Ray-State Farm Ins Agent,(309) 691-7300,Dee,Ray,,,2690 E Church St,Sandwich,IL,60548,
Del Vasey-State Farm Ins Agent,(847) 724-0800,Del J,Vasey,,,306 E Church St,Sandwich,IL,60548,
Denise Wegner-State Farm Ins,(815) 806-2277,Denise,Wegner,,,PO Box 450,Sugar Grove,IL,60554,(630) 466-7903
Dennis Fenton-State Farm Ins,(217) 532-6921,Dennis,Fenton,,,29w130 Butterfield Rd # 101b,Warrenville,IL,60555,(630) 393-9607
Dennis Ford-State Farm Ins,(618) 498-9559,Dennis,Ford,,,2s739 State Route 59,Warrenville,IL,60555,(630) 393-9288
Dennis Twitty State Farm Ins,(309) 342-3115,Dennis J,Twitty,,,800 Hillgrove Ave # 103,Western Springs,IL,60558,(708) 246-6350
Denny Georgopulos-State Farm,(708) 447-6898,Benny,Georgupolis,,,915 55th St # 201,Western Springs,IL,60558,
Denny Gerkin Jr-State Farm Ins,(618) 283-0951,Dennis,Gerkin,,,800 Hillgrove Ave # 105,Western Springs,IL,60558,(708) 246-1606
Derek Zahm-State Farm Ins Agnt,(217) 222-4200,Derek,Zahm,,,6358 S Cass Ave,Westmont,IL,60559,(630) 581-5633
Deron Powell-State Farm Ins,(217) 792-3371,Deron,Powell,,,700 E Ogden Ave # 5,Westmont,IL,60559,(630) 887-8648
Derrick Jones-State Farm Ins,(708) 799-6100,Derrick,Jones,,,44 S Cass Ave,Westmont,IL,60559,
Derrick Malone-State Farm Ins,(773) 285-1480,Derrick,Malone,,,230 N Cass Ave,Westmont,IL,60559,(630) 969-2392
Derrick Williams-State Farm,(708) 383-0990,Derrick,Williams,,,6132 S Cass Ave,Westmont,IL,60559,(630) 282-4096
Deters Insurance,(217) 857-3229,Rebekah,Deters,,,1141 Fairview Ave,Westmont,IL,60559,(630) 756-4177
Diane Sexton-State Farm Ins,(815) 469-0009,Diane M,Sexton,,,200 E Chicago Ave # 101,Westmont,IL,60559,(630) 655-1616
Diane Sullivan-State Farm Ins,(217) 875-5711,Diane,Sullivan,,,624 W Veterans Pkwy # D,Yorkville,IL,60560,(630) 553-5614
Diane Trennert-State Farm Ins,(708) 598-2229,Diane,Trennert,,,664 W Veterans Pkwy # E,Yorkville,IL,60560,(630) 553-7400
Dick Allan-State Farm Ins Agnt,(815) 459-0134,Richard A,Allan,,,7702 S Cass Ave # 130,Darien,IL,60561,(630) 852-8670
Dick Butler & Assoc Inc,(217) 235-4096,Richard,Butler,,,1310 Plainfield Rd # 1,Darien,IL,60561,(630) 325-6140
Dick Coon-State Farm Ins Agent,(217) 742-9511,Dick,Coon,,,1310 Plainfield Rd # 1,Darien,IL,60561,
Dick Heisler-State Farm Ins,(630) 620-0666,Dick,Heisler,,,8182 S Cass Ave,Darien,IL,60561,
Dick Thulean-State Farm Ins,(309) 685-1725,Richard H,Thulean,,,526 N Washington St,Naperville,IL,60563,(630) 355-4247
Dimond Bros Ins,(217) 465-5041,Donny,Bartos,,,933 E Ogden Ave,Naperville,IL,60563,(630) 420-1969
Dominic Spadavecchio-State,(847) 635-6600,Dom,Spadavecchio,,,1009 W Ogden Ave # B,Naperville,IL,60563,(630) 548-0223
Don Devine-State Farm Ins Agnt,(815) 455-7111,Donald W,Devine,,,1020 104th St # 120,Naperville,IL,60564,
Don Hicks Jr-State Farm Ins,(618) 532-5290,Don,Hicks Jr,,,2112 Winding River Dr # 108,Naperville,IL,60564,(630) 689-0205
Don Mahoney-State Farm Ins,(815) 476-2113,Randy,May,,,3020 Reflection Dr # 104,Naperville,IL,60564,(630) 369-1105
Don Minefee-State Farm Ins,(708) 597-5300,Donald,Minefee,,,4827 S Route 59 # 105,Naperville,IL,60564,(630) 548-5796
Don Olson-State Farm Ins Agent,(847) 251-7660,Donald L,Olson,,,2735 Hassert Blvd # 183,Naperville,IL,60564,(630) 904-4404
Don Storino-State Farm Ins,(773) 622-6640,Don,Storino,,,3124 S Route 59 # 136,Naperville,IL,60564,(630) 961-2546
Don Williams-State Farm Ins,(708) 345-3212,Donald L,Williams,,,2272 95th St # 110,Naperville,IL,60564,(630) 904-7764
Donn Gustafson-State Farm Ins,(815) 547-6111,Donn,Gustafson,,,1355 S Route 59,Naperville,IL,60564,(630) 820-5696
Donna Barbian-State Farm Ins,(217) 496-2333,Donna,Barbian,,,32 Foxcroft Rd # 108,Naperville,IL,60565,(630) 548-5444
Donna Gates-State Farm Ins,(618) 942-7464,Donna,Gates,,,1821 Wehrli Rd,Naperville,IL,60565,
Donna Watson-State Farm Ins,(309) 685-7111,Donna,Watson,,,2603 S Washington St # 130,Naperville,IL,60565,(630) 717-7637
Donna Watson-State Farm Ins,(309) 685-7111,Donna,Watson,,,10s126 Springbrook Dr,Naperville,IL,60565,
Doreen Jordan-State Farm Ins,(618) 398-3666,Doreen,Jordan,,,931 W 75th St # 111,Naperville,IL,60565,(630) 544-3723
Doug Aman-State Farm Ins Agent,(618) 842-6334,Doug,Aman,,,13400 S Route 59 # 100,Plainfield,IL,60585,(779) 234-6958
Doug Grisham-State Farm Ins,(708) 562-4220,Douglas L,Grisham,,,12443 S Route 59 # 103,Plainfield,IL,60585,(815) 609-4998
Doug Kramer-State Farm Ins,(630) 323-6252,Doug,Kramer,,,11736 Wolf Creek Ln,Plainfield,IL,60585,
Doug Paddock-State Farm Ins,(847) 395-1089,Doug,Paddock,,,6411 Caton Farm Rd,Plainfield,IL,60586,(815) 676-3831
Doug Raber-State Farm Ins Agnt,(618) 445-2012,Doug,Raber,,,7140 Caton Farm Rd # A,Plainfield,IL,60586,(815) 254-2831
Doug Tagler-State Farm Ins,(708) 895-1818,Douglas,Tagler,,,15925 S Route 59 # 109,Plainfield,IL,60586,(815) 577-6965
Doyle Rowe LTD,(630) 379-0851,,,,,25 E Washington St # 1100,Chicago,IL,60602,(312) 236-7908
Duane Schroeder-State Farm Ins,(309) 467-2301,Duane,Schroeder,,,120 S LA Salle St # 1840,Chicago,IL,60603,(312) 726-2464
Duriah Delp-State Farm Ins,(217) 728-8338,Duriah,Delp,,,53 W Jackson Blvd # 1264,Chicago,IL,60604,(312) 580-1991
Dustin De Franco-State Farm,(618) 288-6121,Dustin,Defranco,,,208 S LA Salle St # 1681,Chicago,IL,60604,(312) 346-9388
Dutch Van Rossum-State Farm,(630) 289-9850,Michael D,Hovde,,,1512 S Wabash Ave # 5,Chicago,IL,60605,(312) 435-9495
Dwan Johnson-Bell-State Farm,(773) 947-9850,Dwan,Bell,,,1505 S State St,Chicago,IL,60605,(312) 583-1013
Dwayne Jackson-State Farm Ins,(312) 455-0675,Dwayne,Jackson,,,423 S Dearborn St,Chicago,IL,60605,(312) 341-0024
Dwight Tungett-State Farm Ins,(618) 465-2110,Dwight,Tungett,,,300 W Adams St # 406,Chicago,IL,60606,(312) 984-0941
Dyanna Bernier-State Farm Ins,(773) 221-9810,Dyanna,Bernier,,,1 N Wacker Dr # 4600,Chicago,IL,60606,
E H Schroder Ins Agcy Inc,(309) 644-4636,E H,Scbroder,,,10 S Riverside Plz # 124,Chicago,IL,60606,(312) 236-6507
E H Schroder Insurance,(309) 786-4407,Steve,Schroder,,,1015 W Madison St,Chicago,IL,60607,(312) 277-2914
Earl A Datweiler Insurance,(815) 426-2617,Earl A,Datweiler,,,1015a W Madison St,Chicago,IL,60607,
Ed Blasius-State Farm Ins Agnt,(217) 546-6228,Ed,Blasius,,,1015a W Madison St,Chicago,IL,60607,(312) 277-2914
Ed Collins-State Farm Ins Agnt,(708) 974-1010,Edward J,Collins,,,1345 W Taylor St # 1,Chicago,IL,60607,(312) 455-0429
Ed Duda-State Farm Ins Agent,(847) 392-5228,Edwin L,Duda,,,1015 W Madison St,Chicago,IL,60607,
Ed Grist-State Farm Ins Agent,(618) 532-1937,Ed,Grist,,,1613 S Halsted St,Chicago,IL,60608,(312) 850-0774
Ed Hansen-State Farm Ins Agent,(630) 510-8787,Ed,Hansen,,,2881 S Archer Ave,Chicago,IL,60608,(773) 254-5406
Ed Mccabe-State Farm Ins Agent,(773) 775-9016,Edward R,Mc Cabe,,,1631 W 18th St # 1,Chicago,IL,60608,(312) 563-9119
Ed Russell-State Farm Ins Agnt,(618) 997-4800,Ed,Russell,,,1839 W Cermak Rd,Chicago,IL,60608,(773) 523-2675
Ed Schillinger-State Farm Ins,(847) 255-9300,Ed,Schillinger,,,974 W 35th Pl # 2,Chicago,IL,60609,(312) 423-1929
Ed Zinschlag-State Farm Ins,(217) 234-4444,Ed,Zinschlag,,,647 W 43rd St,Chicago,IL,60609,
Edward Jordan-State Farm Ins,(630) 969-2388,Edward,Jordan,,,2020 W 35th St,Chicago,IL,60609,(773) 927-1976
Eggar Insurance Agency,(630) 225-9325,Justin,Eggar,,,521 W North Ave,Chicago,IL,60610,
Elisa Hager-State Farm Ins,(618) 628-8800,Elisa,Hager,,,1050 N State St # Mezz6,Chicago,IL,60610,(312) 274-9751
Elledge Insurance,(217) 463-3335,Don,Bartos,,,800 N Clark St # 425,Chicago,IL,60610,(773) 777-8820
Elvia Torres-State Farm Ins,(312) 563-9111,Elvia,Torres,,,453 W North Ave,Chicago,IL,60610,(312) 649-5552
Emillie An-State Farm Ins Agnt,(815) 459-5121,Emillie M,An,,,521 W North Ave,Chicago,IL,60610,(312) 787-0402
Enrique Carbajal-State Farm,(708) 422-4884,Enrique,Carbajal,,,1540 N LA Salle Dr # 100,Chicago,IL,60610,(312) 356-6992
Eric Esch-State Farm Ins Agent,(847) 729-0047,Eric,Esch,,,1165 N Clark St # 204,Chicago,IL,60610,(312) 337-5738
Eric Kahle-State Farm Ins Agnt,(217) 824-8621,Eric,Kahle,,,860 N Clark St,Chicago,IL,60610,(312) 751-4127
Erik Abrahamsen-State Farm Ins,(815) 397-7600,Kevin,Doyle,,,645 N Michigan Ave # 400,Chicago,IL,60611,(312) 482-8503
Erik Nelson-State Farm Ins,(708) 430-7575,Erik R,Nelson,,,500 N Michigan Ave # 600,Chicago,IL,60611,(312) 241-1703
Ernesto Martinez-State Farm,(708) 345-4556,Ernesto,Martinez,,,435 N Michigan Ave # 2700,Chicago,IL,60611,(312) 222-9726
Ernesto Ramirez-State Farm Ins,(847) 279-7711,Ernesto,Ramirez,,,625 N Michigan Ave # 418,Chicago,IL,60611,(312) 943-5594
Esha Patel-State Farm Ins Agnt,(630) 894-0600,Esha,Patel,,,445 E Ohio St # 203,Chicago,IL,60611,
Esr Inc,(847) 548-7627,John,Brezinski,,,3806 N Ashland Ave,Chicago,IL,60613,(773) 929-1535
Evelia Perez-State Farm Ins,(773) 796-3800,Evelia,Perez,,,3843 N Lincoln Ave # 1,Chicago,IL,60613,(773) 549-2453
Family & Friends Insurance,(773) 779-2300,Tracy,Givens,,,4083 N Broadway St,Chicago,IL,60613,(773) 883-8698
Farmers Insurance,(217) 258-6719,Brad,Bergstrom,,,736 W Addison St,Chicago,IL,60613,(773) 327-5242
Farmers Insurance,(815) 669-8411,Michael,Eller,,,1428 W Irving Park Rd # 1,Chicago,IL,60613,(773) 327-5785
Farmers Insurance Group,(773) 245-0009,Alexander,Kosjer,,,2250 N Lincoln Ave # 1,Chicago,IL,60614,(773) 348-7105
Farmers Insurance-Alexander,(773) 853-2468,Alexander,Kosjer,,,1452 W Fullerton Ave,Chicago,IL,60614,
Farnam Insurance & Real Estate,(309) 968-6652,Andrew,Farnam,,,516 W Diversey Pkwy,Chicago,IL,60614,(773) 549-5615
Fernando Flores-State Farm Ins,(630) 948-0062,Fernando,Flores,,,2722 N Lincoln Ave,Chicago,IL,60614,(773) 281-0396
Financial Logic,(217) 234-3700,Jay,Fisher,,,954 W Webster Ave,Chicago,IL,60614,
Finny Rajchel-State Farm Ins,(630) 932-0300,Finny,Rajchel,,,2748 N Ashland Ave,Chicago,IL,60614,(773) 938-1324
First Community Insurance,(815) 937-5533,Douglas,Wheeler,,,1611 N Clybourn Ave,Chicago,IL,60614,(312) 944-9705
Fiscal Insurance Concepts,(815) 933-6457,Bill,Blackwell,,,5048 S Indiana Ave,Chicago,IL,60615,(773) 268-8483
Forreston Mutual Insurance Co,(815) 938-2273,Nola,Devries,,,1743 1/2 E 55th St,Chicago,IL,60615,
Fran Plummer-State Farm Ins,(708) 422-0200,Fran,Plummer,,,1424 E 53rd St # 310,Chicago,IL,60615,(773) 288-1270
Frank Allbright-State Farm Ins,(217) 562-3525,Frank,Allbright,,,1507 E 53rd St # 1 Pmb 931,Chicago,IL,60615,
Frank Astor-State Farm Ins,(847) 705-7544,Frank,Astor,,,1525 E 53rd St # 727,Chicago,IL,60615,(773) 955-3087
Frank Cooper-State Farm Ins,(773) 538-5758,Frank,Cooper,,,3037 S Princeton Ave # 1f,Chicago,IL,60616,
Frank De Avila-State Farm Ins,(708) 385-4656,Frank,DE Avila,,,725 W 31st St,Chicago,IL,60616,(312) 791-0164
Frank Deaton-State Farm Ins,(618) 542-8421,Frank,Deaton,,,223 W Cermak Rd # 2,Chicago,IL,60616,(312) 225-8320
Frank Kolavo-State Farm Ins,(708) 235-0001,Frank J,Kolavo,,,725 W 31st St,Chicago,IL,60616,(312) 791-0164
Frank Livorsi-State Farm Ins,(847) 358-9181,Frank,Livorsi,,,405 E 35th St,Chicago,IL,60616,(773) 966-3756
Frank Scholz-State Farm Ins,(847) 673-1590,Frank,Scholz,,,10100 S Ewing Ave,Chicago,IL,60617,(773) 221-0093
Fred Bright-State Farm Ins,(618) 259-6014,Fred H,Bright,,,8452 S Stony Island Ave # 2,Chicago,IL,60617,(773) 721-7882
Fred Peters Financial Group,(217) 287-2244,Fred,Peters,,,1700 E 87th St,Chicago,IL,60617,(773) 978-5988
Fred Peters Financial Group,(217) 287-2244,Ginny,Peters,,,9701 S Commercial Ave,Chicago,IL,60617,(773) 221-6664
Fred Peters Financial Group,(217) 287-2244,Dick,Adams,,,3659 E 106th St,Chicago,IL,60617,(773) 221-0015
Freddie Navarro-State Farm Ins,(312) 649-5559,Fred,Navarro,,,2934 W Montrose Ave # 102,Chicago,IL,60618,(773) 334-6253
Freddie Villacci Jr State Farm,(773) 463-7733,Freddie,Villacci Jr,,,3238 N Elston Ave,Chicago,IL,60618,(773) 539-4163
Gabriel Mayes-State Farm Ins,(847) 888-9875,Gabriel,Mayes,,,4042 N Elston Ave,Chicago,IL,60618,
Gary Behrends-State Farm Ins,(312) 222-0333,Gary,Behrends,,,3406 W Irving Park Rd,Chicago,IL,60618,(773) 463-7279
Gary Bukovsky-State Farm Ins,(708) 598-4114,Gary,Bukovsky,,,2241 W Irving Park Rd # 1e,Chicago,IL,60618,(773) 463-6787
Gary Huston-State Farm Ins,(815) 692-3673,Gary,Huston,,,2015 W Montrose Ave,Chicago,IL,60618,(773) 549-3182
Gary Lemenager-State Farm Ins,(773) 769-5284,Gary,Lemenager,,,3837 N Western Ave,Chicago,IL,60618,(773) 267-0909
Gaylord Nelson-State Farm Ins,(773) 581-0844,Gaylord,Nelson,,,4317 N Lincoln Ave,Chicago,IL,60618,(773) 477-7224
Geico Insurance,(773) 582-2886,Kevin,Ware,,,2959 N Milwaukee Ave,Chicago,IL,60618,(773) 278-0009
Gene Plumlee-State Farm Ins,(630) 653-3041,Gene,Plumlee,,,3637 N Elston Ave,Chicago,IL,60618,
Gene Zurawski-State Farm Ins,(773) 238-0484,Eugene L,Zurawski,,,3138 W Irving Park Rd,Chicago,IL,60618,(773) 463-4410
George Georgopulos-State Farm,(708) 448-0552,George,Georgopulos,,,227 E 79th St,Chicago,IL,60619,(773) 488-9813
George Johnson-State Farm Ins,(773) 927-9300,George,Johnson,,,415 E 87th St,Chicago,IL,60619,(773) 723-8067
George Panjan Jr-State Farm,(773) 779-5300,George F,Panjan Jr,,,9 E 83rd St,Chicago,IL,60619,(773) 952-6183
George Rapinchuk-State Farm,(630) 941-9405,George,Rapinchuk,,,822 E 87th St # 102b,Chicago,IL,60619,(773) 994-9795
George Ryan Jr Insurance Group,(815) 936-0075,George,Ryan Jr,,,72 E 95th St,Chicago,IL,60619,(773) 264-8303
George Skott-State Farm Ins,(847) 882-5544,George,Skott,,,8737 S State St,Chicago,IL,60619,(708) 841-7111
Georgelyn Hicks-State Farm Ins,(708) 849-6660,Georgelyn,Hicks,,,515 E 79th St,Chicago,IL,60619,(773) 846-4848
Gerald Mccadd-State Farm Ins,(630) 679-1900,Gerald,Mccadd,,,1920 W 87th St,Chicago,IL,60620,(773) 239-6863
Gil Edmond-State Farm Ins Agnt,(773) 239-4444,Gilbert,Edmond,,,1813 W 87th St # 1,Chicago,IL,60620,(773) 238-0096
Gina Gonzalez-State Farm Ins,(847) 695-1483,Gina G,Gonzalez,,,921 N Ashland Ave,Chicago,IL,60622,(773) 235-5758
Ginny Kelly-State Farm Ins,(630) 717-7858,Ginny,Kelly,,,1651 W Chicago Ave # 1e,Chicago,IL,60622,
Glenda Tolentino-Moser-State,(773) 549-3300,Gerry,Tolentino Jr,,,1526 N Ashland Ave,Chicago,IL,60622,
Glenn Ludwig-State Farm Ins,(630) 971-3080,Glenn,Ludwig,,,1455 N Ashland Ave,Chicago,IL,60622,(773) 276-5577
Glenn Miller-State Farm Ins,(708) 562-3404,Glenn,Miller,,,1923 W Chicago Ave,Chicago,IL,60622,(312) 850-1001
Gm Kazim-State Farm Ins Agent,(847) 278-0255,Gm,Kazim,,,2452 W Chicago Ave,Chicago,IL,60622,(773) 486-4400
Gordon Nishimoto-State Farm,(847) 680-1166,Gordon,Nishimoto,,,4325 W 26th St,Chicago,IL,60623,(773) 823-1099
Grace Murray-State Farm Ins,(708) 453-1771,Grace,Murray,,,4355 W 26th St # 1,Chicago,IL,60623,(773) 521-0217
Grant Scofield-State Farm Ins,(217) 384-5727,Grant,Scofield,,,3054 W Cermak Rd,Chicago,IL,60623,(773) 277-2901
Greg Clemens-State Farm Ins,(630) 960-3100,Greg,Clemens,,,3259 W 26th St,Chicago,IL,60623,(773) 247-9404
Greg Harman-State Farm Ins,(309) 383-4141,Gregory L,Harman,,,3316 W 26th St,Chicago,IL,60623,(773) 257-0048
Greg Hunt-State Farm Ins Agent,(708) 922-0301,Greg,Hunt,,,3830 W Roosevelt Rd,Chicago,IL,60624,(773) 826-0715
Greg Hurst-State Farm Ins Agnt,(847) 689-4649,Greg,Hurst,,,5415a N Lincoln Ave,Chicago,IL,60625,
Greg Hurst-State Farm Ins Agnt,(847) 689-4649,Greg,Hurst,,,2134 W Lawrence Ave # C1,Chicago,IL,60625,(773) 282-9545
Greg King-State Farm Ins Agent,(773) 643-6200,Gregory,King,,,3338 W Foster Ave,Chicago,IL,60625,(773) 604-4336
Greg Kurtenbach-State Farm Ins,(217) 784-8343,Greg,Kurtenbach,,,4551 N Western Ave,Chicago,IL,60625,(773) 275-7906
Greg Kurtock-State Farm Ins,(847) 866-8300,Greg,Kurtock,,,4911 N Lincoln Ave # C,Chicago,IL,60625,(773) 878-8903
Greg Ladendorf-State Farm Ins,(309) 347-3007,Greg,Ladendorf,,,3223 W Lawrence Ave,Chicago,IL,60625,(773) 437-8444
Greg Mahoney-State Farm Ins,(630) 978-2051,Greg,Mahoney,,,10337 S Halsted St,Chicago,IL,60628,(773) 779-2120
Greg Monelle Sr-State Farm Ins,(773) 202-0004,Greg,Monelle,,,433 W 95th St,Chicago,IL,60628,(773) 445-4191
Greg Mossman-State Farm Ins,(618) 254-1251,Gregory C,Mossman,,,10536 S Halsted St,Chicago,IL,60628,(773) 239-4455
Greg Scheiner-State Farm Ins,(708) 598-5151,Gregory,Scheiner,,,11435 S Halsted St,Chicago,IL,60628,(773) 264-8611
Gregg Marinelli-State Farm Ins,(815) 234-2002,Gregg,Marinelli,,,412 E 103rd St,Chicago,IL,60628,(773) 291-2181
Gregory Pec-State Farm Ins,(630) 971-1100,Gregory,Pec,,,3045 W 59th St,Chicago,IL,60629,(773) 737-0246
Gronewold Insurance,(815) 493-2395,Linda,Gronewold,,,4215 W 63rd St,Chicago,IL,60629,(773) 735-7123
Gus Andrade-State Farm Ins,(773) 521-0216,Augusto,Andrade,,,6803 S Pulaski Rd,Chicago,IL,60629,
Gus Nadelhoffer-State Farm Ins,(630) 620-1177,Gus,Nadelhoffer,,,5558 S Pulaski Rd # 1,Chicago,IL,60629,(773) 581-3517
Guy Sikora-State Farm Ins Agnt,(815) 226-1480,Guy,Sikora,,,6824 S Pulaski Rd,Chicago,IL,60629,(773) 735-2480
Guy Winters-State Farm Ins,(847) 699-1300,Guy J,Winters,,,4316 W 63rd St,Chicago,IL,60629,(773) 735-0802
Gw Welch-State Farm Ins Agent,(309) 692-1225,Gary,Welch,,,3143 W 71st St,Chicago,IL,60629,(773) 436-7600
Hanes & Assoc,(309) 378-4392,Del,Hanes,,,5724 S Pulaski Rd,Chicago,IL,60629,(773) 582-7696
Harvey Adams-State Farm Ins,(708) 755-9627,Harvey,Adams,,,6601 S Pulaski Rd,Chicago,IL,60629,(773) 585-1190
Heartland Insurance Agcy,(217) 446-1957,Gary,Ludwig,,,4806 N Milwaukee Ave # 1,Chicago,IL,60630,(773) 205-9666
Heeyoung Kim-State Farm Ins,(847) 983-0585,Heeyoung,Kim,,,6034 W Gunnison St # 200,Chicago,IL,60630,(773) 360-5416
Helen Scott-State Farm Ins,(773) 536-3535,Helen,Scott,,,4786 N Elston Ave,Chicago,IL,60630,(773) 282-9545
Hemina Patel-State Farm Ins,(773) 267-0303,Hemina,Patel,,,4770 N Milwaukee Ave,Chicago,IL,60630,(773) 282-5471
Henry Hackman-State Farm Ins,(815) 223-1900,Henry,Hackman,,,5245 N Central Ave,Chicago,IL,60630,(773) 409-4154
Henry Napue-State Farm Ins,(773) 767-3424,Henry,Napue,,,4034 W Lawrence Ave,Chicago,IL,60630,(773) 736-8001
Holman-Dahms Insurance,(815) 232-4914,Steve,Holman,,,4465 N Milwaukee Ave,Chicago,IL,60630,
Howard Wright-State Farm Ins,(815) 722-4652,Howard,Wright,,,4465 N Milwaukee Ave,Chicago,IL,60630,(773) 282-4343
Hugh Frailey-State Farm Ins,(618) 439-7268,Hugh E,Frailey,,,5050 N Cicero Ave,Chicago,IL,60630,(773) 725-3345
Hugh Masterson-State Farm Ins,(847) 358-5059,Hugh,Masterson,,,5520 W Lawrence Ave,Chicago,IL,60630,(773) 685-6390
Hugh Smith-State Farm Ins Agnt,(708) 251-8097,Hugh,Smith,,,5372 N Milwaukee Ave,Chicago,IL,60630,(773) 775-1886
Ian Mcpartlin-State Farm Ins,(708) 444-0556,Ian,Mcpartlin,,,6160 W Higgins Ave,Chicago,IL,60630,(773) 545-3652
Illiana Health Insurance,(217) 446-6690,,,,,6774 N Northwest Hwy # 1,Chicago,IL,60631,(773) 792-0900
Independent Insurance Brokers,(630) 717-9709,Caroline,Collins,,,7257 W Touhy Ave # 104,Chicago,IL,60631,(773) 853-2980
Ingvar Carlson-State Farm Ins,(815) 877-1700,Ingvar,Carlson,,,6323 N Avondale Ave # 143,Chicago,IL,60631,(773) 467-8960
Insurance Analysts Inc,(815) 544-1919,Frank,Pesir,,,6778 N Northwest Hwy,Chicago,IL,60631,(773) 775-9473
Insurance Plus,(309) 761-4687,,,,,6323 N Avondale Ave # 143,Chicago,IL,60631,
Insurance Pro Agencies,(708) 361-8600,Sam,Suboh,,,6305 N Northwest Hwy,Chicago,IL,60631,(773) 631-1933
Iroquois Insurance,(217) 446-8302,Debra,Lamar,,,6645 N Oliphant Ave,Chicago,IL,60631,(773) 774-1819
J J Ghiotti-State Farm Ins,(847) 252-7430,J J,Ghiotti,,,6134 N Northwest Hwy,Chicago,IL,60631,(773) 774-4080
J P Lindquist-State Farm Ins,(312) 944-5757,J P,Lindquist,,,5102 S Archer Ave,Chicago,IL,60632,(773) 735-4773
Jack Anderson Jr-State Farm,(815) 774-0480,Jack,Anderson,,,4429 S Archer Ave,Chicago,IL,60632,(773) 927-9116
Jack Godde-State Farm Ins Agnt,(815) 784-3337,Jack,Godde,,,2823 W 55th St,Chicago,IL,60632,(773) 776-8074
Jack Graham-State Farm Ins,(618) 533-2757,Jack,Graham,,,4200 S Archer Ave,Chicago,IL,60632,(773) 376-1098
Jack Spencer-State Farm Ins,(815) 625-5100,Jack,Spencer,,,4723 S Cicero Ave,Chicago,IL,60632,(773) 905-1777
Jackie Fournier-State Farm Ins,(312) 580-1100,Jacqueline,Fournier,,,5200 S Archer Ave # 2,Chicago,IL,60632,
Jackie Padesky-State Farm Ins,(309) 246-6193,Jackie,Padesky,,,4059 W 47th St # 1,Chicago,IL,60632,(773) 254-9260
Jackie Vasey-State Farm Ins,(847) 724-0800,Jackie,Vasey,,,4848 S Pulaski Rd,Chicago,IL,60632,(773) 847-6548
Jae Lee-State Farm Ins Agent,(773) 736-8000,Jae,Lee,,,5434 S Kedzie Ave,Chicago,IL,60632,(773) 476-3312
Jake Pembrook-State Farm Ins,(217) 679-1151,Jake K J,Pembrook,,,7826 W Belmont Ave,Chicago,IL,60634,(773) 625-5275
James Cook-State Farm Ins Agnt,(618) 382-7381,James,Cook,,,6733 W Belmont Ave,Chicago,IL,60634,
James D Mays Insurance,(773) 282-1500,Jim,Mays Jr,,,6029 W Belmont Ave,Chicago,IL,60634,(773) 237-5663
James Dumas-State Farm Ins,(618) 734-3060,James,Dumas,,,6054 W Irving Park Rd,Chicago,IL,60634,(773) 545-4899
James Tate Jr-State Farm Ins,(708) 544-6677,James,Tate,,,6359 W Montrose Ave,Chicago,IL,60634,(773) 685-9814
James Townsend-State Farm Ins,(773) 933-0066,James,Townsend,,,3026 N Central Ave,Chicago,IL,60634,(773) 385-6904
Janice Nazar-State Farm Ins,(312) 236-5222,Janice,Nazar,,,7317 W Irving Park Rd,Chicago,IL,60634,(773) 625-5700
Janna Misek-State Farm Ins,(630) 554-1540,Janna,Misek,,,3106 1/2 N Central Ave,Chicago,IL,60634,(773) 889-9580
Jason Bonomo-State Farm Ins,(815) 636-1500,Jason,Bonomo,,,7428 W Belmont Ave,Chicago,IL,60634,
Jason Dederich-State Farm Ins,(630) 231-7100,Jason,Dederich,,,6057 W Belmont Ave,Chicago,IL,60634,(773) 622-0321
Jason Frantz-State Farm Ins,(217) 935-0252,Jason,Frantz,,,8210 W Belmont Ave,Chicago,IL,60634,(773) 625-3367
Jason Garey-State Farm Ins,(309) 925-5017,Jason,Garey,,,6815 W Irving Park Rd,Chicago,IL,60634,(773) 202-1951
Jason Lamont-State Farm Ins,(815) 397-6982,Jason,Lamont,,,6048 W Addison St,Chicago,IL,60634,
Jason Nowicki-State Farm Ins,(708) 389-5488,Beverly,Moy,,,6737 W Belmont Ave,Chicago,IL,60634,(773) 993-0713
Jason Wiegman-State Farm Ins,(618) 664-1607,Jason,Wiegman,,,5616 W Montrose Ave,Chicago,IL,60634,
Jay Eldridge-State Farm Ins,(847) 244-0400,Jay,Eldridge,,,7341 N Addison St,Chicago,IL,60634,(773) 237-1928
Jay Fox-State Farm Ins Agent,(309) 266-7661,Jay,Fox,,,5616 W Montrose Ave,Chicago,IL,60634,(773) 777-2416
Jay Janese-State Farm Ins Agnt,(847) 741-5733,Jay M,Janese,,,6251 S Western Ave,Chicago,IL,60636,(773) 778-9233
Jay Schack-State Farm Ins Agnt,(630) 830-9710,Jay,Schack,,,5518 S Archer Ave # B,Chicago,IL,60638,(773) 585-7526
Jeanne Jensen-State Farm Ins,(847) 888-8050,Jeanne,Jensen,,,5657 S Harlem Ave,Chicago,IL,60638,(773) 586-8449
Jeff Clodfelter-State Farm Ins,(217) 762-9375,Jeff,Clodfelter,,,6058 S Central Ave,Chicago,IL,60638,(773) 735-9835
Jeff Curry-State Farm Ins Agnt,(847) 965-3880,Jeff,Curry,,,6179 S Archer Ave,Chicago,IL,60638,
Jeff Jurkovich-State Farm Ins,(630) 964-2062,Jeff,Jurkovich,,,6165 S Archer Ave,Chicago,IL,60638,(773) 767-0763
Jeff Mazur-State Farm Ins Agnt,(847) 835-1830,Jeffrey I,Mazur,,,6538 W Archer Ave,Chicago,IL,60638,(773) 586-4464
Jeff Mcmorris-State Farm Ins,(217) 442-1114,Jeff,Mcmorris,,,4943 W 63rd St # 3,Chicago,IL,60638,(773) 581-9193
Jeff Mossman-State Farm Ins,(217) 245-2194,Jeff,Mossman,,,6247 W 63rd St,Chicago,IL,60638,(773) 435-6587
Jeff Murphy-State Farm Ins,(309) 755-6717,Jeff,Murphy,,,6108 S Archer Ave,Chicago,IL,60638,(773) 663-4241
Jeff Ninness-State Farm Ins,(847) 259-0550,Jeff,Ninness,,,6206 W Diversey Ave,Chicago,IL,60639,(773) 745-7084
Jeff Saey-State Farm Ins Agent,(815) 968-0608,Jeff,Saey,,,4357 W Diversey Ave,Chicago,IL,60639,(773) 384-4157
Jeff Smith-State Farm Ins Agnt,(847) 295-1970,Jeffrey M,Smith,,,5006 W Diversey Ave,Chicago,IL,60639,(773) 725-5669
Jeff Stogsdill-State Farm Ins,(312) 929-2888,Jeff,Stogsdill,,,5343 W Diversey Ave,Chicago,IL,60639,(773) 202-0005
Jeff Whaley Jr-State Farm Ins,(630) 544-3720,Jeff,Whaley Jr,,,5840 W Fullerton Ave,Chicago,IL,60639,(773) 637-2227
Jeff Wilcox-State Farm Ins,(630) 620-1010,Jeff,Wilcox,,,5010 W Fullerton Ave,Chicago,IL,60639,
Jeffrey Yarosz-Allstate Agent,(773) 467-8600,Jeffrey,Yarosz,,,4357 W Fullerton Ave,Chicago,IL,60639,(773) 342-9272
Jenna Wirth-State Farm Ins,(217) 442-4698,Jenna,Wirth,,,5110 W Fullerton Ave,Chicago,IL,60639,(773) 637-3993
Jennifer Burnidge-State Farm,(847) 253-5678,Jennifer,Burnidge,,,5151 N Broadway St,Chicago,IL,60640,(773) 271-1208
Jennifer Rupert-State Farm Ins,(847) 472-9720,Jennifer M,Rupert,,,1484 W Farragut Ave,Chicago,IL,60640,(773) 883-4702
Jennifer Warren-State Farm Ins,(847) 272-4670,Jennifer A,Warren,,,5554 N Broadway St # 1,Chicago,IL,60640,(773) 561-8715
Jenny Tola-State Farm Ins Agnt,(773) 883-8660,Jenny,Tola,,,4848 N Sheridan Rd # 102,Chicago,IL,60640,(773) 728-2635
Jere Tidwell-State Farm Ins,(847) 298-1694,Jere,Tidwell,,,5240 N Ashland Ave,Chicago,IL,60640,(773) 728-8656
Jeremy Jokisch-State Farm Ins,(217) 774-2116,Jeremy,Jokisch,,,4027 N Pulaski Rd,Chicago,IL,60641,(773) 478-1506
Jeremy Zeitler-State Farm Ins,(630) 308-0008,Jeremy,Zeitler,,,3250 N Pulaski Rd # 1,Chicago,IL,60641,(773) 777-7526
Jerry Carter-State Farm Ins,(708) 424-5848,Jerry,Carter,,,5412 W Addison St,Chicago,IL,60641,(773) 202-1905
Jerry Chavez-State Farm Ins,(708) 687-7161,Jerry,Chavez,,,3350 N Milwaukee Ave,Chicago,IL,60641,(773) 777-9670
Jerry Hallahan-State Farm Ins,(815) 634-2222,Jerome P,Hallahan,,,5230 W Irving Park Rd # 1,Chicago,IL,60641,(773) 777-8085
Jerry Mecum-State Farm Ins,(815) 223-1059,Jerry,Mecum,,,5223 W Belmont Ave,Chicago,IL,60641,(773) 304-0053
Jerry O'Neill-State Farm Ins,(773) 685-3600,Jerry,O'Neill,,,4256 W Irving Park Rd,Chicago,IL,60641,(773) 685-2262
Jerry Ratigan State Farm Ins,(847) 398-6644,Jerome,Ratigan,,,5433 W Addison St,Chicago,IL,60641,(773) 685-8122
Jerry Zoellner-State Farm Ins,(217) 544-2346,Jerry,Zoellner,,,4256 W Irving Park Rd,Chicago,IL,60641,(773) 685-2262
Jessica Ely-State Farm Ins,(217) 839-2106,Jessica,Ely,,,4108 N Cicero Ave,Chicago,IL,60641,(773) 685-7142
Jessica Knight-State Farm Ins,(708) 422-3700,Jessica,Knight,,,1535 W Division St,Chicago,IL,60642,(773) 661-6275
Jill Martin-State Farm Ins,(847) 966-8444,Jill,Martin,,,11107 S Longwood Dr,Chicago,IL,60643,
Jill Willey-State Farm Ins,(708) 749-0390,Jill,Willey,,,9013 S Western Ave,Chicago,IL,60643,(773) 445-9374
Jim Arnold-State Farm Ins Agnt,(708) 499-3330,Jim,Arnold,,,1744 W 99th St,Chicago,IL,60643,
Jim Bandy-State Farm Ins Agent,(217) 438-6814,Jim,Bandy,,,2059 W 95th St,Chicago,IL,60643,
Jim Blevins-State Farm Ins,(815) 623-5433,Jim,Blevins,,,10521 S Western Ave,Chicago,IL,60643,(773) 233-3957
Jim Danko-State Farm Ins Agent,(630) 548-2277,Jim,Danko,,,10028 S Western Ave,Chicago,IL,60643,(773) 233-7754
Jim Darguzis-State Farm Ins,(815) 741-2430,James,Darguzis,,,2024 W 95th St,Chicago,IL,60643,(773) 881-0061
Jim Donahue-State Farm Ins,(708) 354-1616,James P,Donahue,,,10944 S Western Ave,Chicago,IL,60643,(773) 779-4638
Jim Epperly-State Farm Ins,(309) 787-4499,James D,Epperly,,,2628 1/2 W Touhy Ave,Chicago,IL,60645,(773) 508-9784
Jim Frederich-State Farm Ins,(309) 944-5123,Jim,Frederich,,,6666 N Western Ave,Chicago,IL,60645,(773) 743-3183
Jim Fuentes-State Farm Ins,(708) 532-3045,Jim,Fuentes,,,2759 W Pratt Blvd # A,Chicago,IL,60645,(773) 764-2117
Jim Hummel-State Farm Ins Agnt,(847) 398-2888,James P,Hummel,,,4752 W Peterson Ave,Chicago,IL,60646,(773) 777-8850
Jim Lee-State Farm Ins Agent,(847) 328-4630,Jim,Lee Jr,,,5717 N Milwaukee Ave,Chicago,IL,60646,(773) 774-9303
Jim Mays Jr-State Farm Ins,(773) 282-1500,Jim,Mays Sr,,,5412 W Devon Ave,Chicago,IL,60646,
Jim Olive-State Farm Ins Agent,(847) 362-6444,Jim,Olive,,,5657 N Milwaukee Ave,Chicago,IL,60646,(773) 631-1663
Jim Parrilli State Farm Ins,(708) 788-5200,Jim,Parrilli,,,6430 N Central Ave # C,Chicago,IL,60646,(773) 775-4564
Jim Spachman State Farm Ins,(309) 661-1700,Jim,Spachman,,,5870 N Milwaukee Ave,Chicago,IL,60646,(773) 774-0355
Jim Stoltz-State Farm Ins Agnt,(309) 762-8893,Jim T,Stoltz,,,6336 N Cicero Ave # 101,Chicago,IL,60646,(773) 777-7573
Jim Tom-State Farm Ins Agent,(773) 477-3300,Jim,Tom,,,6304 N Milwaukee Ave,Chicago,IL,60646,(773) 775-2033
Jim Townsend-State Farm Ins,(847) 843-8020,Jim,Townsend,,,3621 W North Ave # 1,Chicago,IL,60647,(773) 395-7923
Jim Truninger-State Farm Ins,(815) 964-2440,Jim,Truninger,,,2336 N Western Ave,Chicago,IL,60647,(773) 227-2741
Joanne Alfieri-State Farm Ins,(847) 498-2822,Joanne,Alfieri,,,2521 W North Ave,Chicago,IL,60647,(773) 292-2378
Joanne Krajci-State Farm Ins,(773) 767-0440,Joanne,Krajci,,,3060 W Armitage Ave,Chicago,IL,60647,(773) 451-8274
Jodi Brown-State Farm Ins Agnt,(309) 693-1103,Jodi,Brown,,,1719 N Western Ave # 1c,Chicago,IL,60647,(773) 777-8820
Jody Goad-State Farm Ins Agent,(815) 544-2103,Jody,Goad,,,1631 N Milwaukee Ave # 1,Chicago,IL,60647,(773) 342-3415
Jody Pullium-Allstate Ins,(309) 692-1290,Brian,Burwell,,,2207 N Western Ave # C1,Chicago,IL,60647,(773) 252-6653
Jody White-State Farm Ins Agnt,(618) 343-1400,Jody,White,,,3246 W North Ave,Chicago,IL,60647,(773) 252-1142
Joe Anello-State Farm Ins Agnt,(708) 781-1333,Joe,Anello,,,2314 W North Ave # C-1w,Chicago,IL,60647,(773) 486-3600
Joe Bortoletto-State Farm Ins,(815) 468-6686,Joe,Bortoletto,,,6945 S Stony Island Ave,Chicago,IL,60649,
Joe Cichon-State Farm Ins Agnt,(773) 927-1918,Joseph C,Cichon,,,7639 S Jeffery Blvd,Chicago,IL,60649,(773) 933-6955
Joe Conde-Allstate Agent,(312) 765-7050,Joe,Conde,,,5215 W Chicago Ave # A6,Chicago,IL,60651,(773) 417-3623
Joe L Meeks-State Farm Ins,(217) 824-4208,Joe L,Meeks,,,8516 S Pulaski Rd,Chicago,IL,60652,
Joe Labella-State Farm Ins,(708) 895-8900,Joe,Labella,,,8136 S Kedzie Ave,Chicago,IL,60652,
Joe Morreale-State Farm Ins,(847) 301-0313,Joseph V,Morreale,,,8516 S Pulaski Rd,Chicago,IL,60652,(773) 581-6722
Joe Palminteri-State Farm Ins,(847) 432-5570,Joseph A,Palminteri,,,8549 S Cicero Ave,Chicago,IL,60652,(773) 582-2855
Joe Ricker-Allstate Agent,(815) 834-2100,Joe,Ricker,,,3842 W 79th St,Chicago,IL,60652,(773) 767-3425
Joe Schneider-Allstate Agent,(312) 787-0221,Joe,Schneider,,,2613 W 79th St,Chicago,IL,60652,
Joe Stovall-State Farm Ins,(217) 356-8300,Joe,Stovall,,,8318 S Kedzie Ave,Chicago,IL,60652,(773) 436-8370
Joe Taylor-State Farm Ins Agnt,(847) 718-0700,Joe,Taylor,,,3949 S King Dr # U,Chicago,IL,60653,(773) 285-1481
Joe Wilson-State Farm Ins Agnt,(773) 252-1135,Joe,Wilson,,,1120 E 47th St,Chicago,IL,60653,
Joel Fiorelli-State Farm Ins,(847) 566-0122,Joel E,Fiorelli,,,50 E Pershing Rd,Chicago,IL,60653,(773) 536-3533
Joel Gesky-State Farm Ins Agnt,(815) 937-4545,Joel,Gesky,,,645 W Grand Ave # 1,Chicago,IL,60654,(312) 733-1878
John Arena-State Farm Ins Agnt,(708) 598-7701,John,Arena,,,368 W Huron St # Ll,Chicago,IL,60654,
John Boone-State Farm Ins Agnt,(309) 792-2313,W John,Boone,,,642 N Dearborn St,Chicago,IL,60654,(312) 751-8755
John Casey-State Farm Ins Agnt,(708) 361-6711,John,Casey,,,10433 S Kedzie Ave,Chicago,IL,60655,(773) 445-3231
John Coghlan-State Farm Ins,(773) 327-5300,John E,Coghlan Jr,,,3105 W 111th St,Chicago,IL,60655,(773) 233-5768
John Craver-State Farm Ins,(630) 766-6864,John H,Craver,,,3445 W 111th St,Chicago,IL,60655,(773) 779-6578
John Deal-State Farm Ins Agent,(309) 674-4085,John,Deal,,,3440 W 111th St # 2,Chicago,IL,60655,(773) 238-4004
John Dooley-State Farm Ins,(309) 685-7575,John,Dooley,,,3215 W 103rd St,Chicago,IL,60655,(773) 779-8701
John Foster-State Farm Ins,(618) 524-4413,John K,Foster,,,7143 W Higgins Ave,Chicago,IL,60656,(773) 631-1752
John Harrell-State Farm Ins,(708) 481-4500,John,Harrell,,,6558 W Higgins Ave,Chicago,IL,60656,
John Harrison-State Farm Ins,(630) 393-9222,John A,Harrison,,,6558 W Higgins Ave,Chicago,IL,60656,
John Higgins-State Farm Ins,(773) 637-1314,John F,Higgins,,,7117 W Higgins Ave,Chicago,IL,60656,(773) 631-2440
John James-State Farm Ins Agnt,(847) 358-1394,John,James,,,5217 N Harlem Ave,Chicago,IL,60656,(773) 774-9417
John Jurik-State Farm Ins Agnt,(708) 202-1055,John,Jurik,,,4644 N Cumberland Ave,Chicago,IL,60656,(773) 625-8151
John Klaus-State Farm Ins Agnt,(618) 345-7775,John L,Klaus,,,3322 N Halsted St,Chicago,IL,60657,(773) 525-2424
John Kurylak-State Farm Ins,(630) 541-7410,John,Kurylak,,,1410 W Belmont Ave # 1,Chicago,IL,60657,
John Mcnicholas-State Farm Ins,(708) 423-7612,John J,Mcnicholas,,,2936 N Lincoln Ave # 1n,Chicago,IL,60657,(773) 975-4010
John Park-State Farm Ins Agent,(773) 478-1570,John,Park,,,3170 N Lincoln Ave,Chicago,IL,60657,(773) 733-4157
John Pini-State Farm Ins Agent,(815) 883-8090,John F,Pini,,,3228 N Sheffield Ave # 1,Chicago,IL,60657,
John Quakenbush-State Farm Ins,(618) 466-5041,John T,Quakenbush,,,1700 W Belmont Ave,Chicago,IL,60657,(773) 404-7264
John Skopick-State Farm Ins,(630) 410-2034,John,Skopick,,,3530 W Peterson Ave # 200,Chicago,IL,60659,(773) 539-9578
John Spears-State Farm Ins,(312) 356-6907,John,Spears,,,3443 W Peterson Ave,Chicago,IL,60659,(773) 478-1570
John Sullivan-State Farm Ins,(815) 338-4422,John L,Sullivan,,,5784 N Lincoln Ave,Chicago,IL,60659,
John Sutton-State Farm Ins,(847) 888-8858,John,Sutton,,,5784 N Lincoln Ave,Chicago,IL,60659,
John Thorson-State Farm Ins,(630) 858-3183,John,Thorson,,,2609 W Peterson Ave,Chicago,IL,60659,(773) 878-0497
John Townsend-State Farm Ins,(708) 957-1434,John,Townsend,,,2400 W Devon Ave # 203,Chicago,IL,60659,(773) 761-5044
John Tyler Carlson-State Farm,(847) 869-2336,John T,Carlson,,,2609 W Peterson Ave,Chicago,IL,60659,
John Villegas-State Farm Ins,(847) 496-7720,John,Villegas,,,1335 W Devon Ave,Chicago,IL,60660,(773) 381-6098
John Willert-State Farm Ins,(847) 695-7333,John E,Willert,,,6248 N Clark St,Chicago,IL,60660,
John Williams-State Farm Ins,(217) 942-3914,John R,Williams,,,6263 N Clark St,Chicago,IL,60660,(773) 761-4243
John Wright-State Farm Ins,(815) 725-5052,John D,Wright,,,106 N Halsted St,Chicago,IL,60661,(312) 243-4088
John Zipay-State Farm Ins Agnt,(773) 725-3300,John W,Zipay Jr,,,7601 W Montrose Ave # 2,Norridge,IL,60706,
Jon Spachman-State Farm Ins,(815) 235-2171,Jon,Spachman,,,5050 N Cumberland Ave # 18s,Norridge,IL,60706,(708) 452-4349
Jonathan Gjeldum-State Farm,(630) 851-2303,Jonathan,Gjeldum,,,4777 N Harlem Ave # 6a,Harwood Heights,IL,60706,
Jonathan Twitty-State Farm Ins,(630) 964-0646,Jonathan,Twitty,,,8323 W Lawrence Ave # D,Norridge,IL,60706,(708) 453-7993
Jones Financial Group LLC,(708) 331-6019,Marx,Jones,,,6436 W Gunnison St,Harwood Heights,IL,60706,(708) 867-0012
Jorge Frausto-State Farm Ins,(773) 254-5500,Jorge,Frausto,,,2851 N Harlem Ave,Chicago,IL,60707,(773) 804-0094
Joseph Kelly-State Farm Ins,(708) 458-0847,Joe,Kelly,,,7161 W Altgeld St,Chicago,IL,60707,(773) 745-9109
Josh Baumgartner-State Farm,(708) 946-0190,Josh,Baumgartner,,,7234 W North Ave # 108,Elmwood Park,IL,60707,(708) 452-5717
Josh Brown-State Farm Ins Agnt,(847) 729-0113,Josh,Brown,,,1837 N Harlem Ave # 1,Chicago,IL,60707,(773) 637-3572
Joshua Eyman-Allstate Agent,(773) 254-7755,Joshua,Eyman,,,7035 W Grand Ave # 101,Chicago,IL,60707,(708) 453-9553
Joyce Campbell-State Farm Ins,(847) 223-1133,Joyce D,Campbell,,,2643 N Harlem Ave,Chicago,IL,60707,(773) 637-4255
Juan Wheat-State Farm Ins Agnt,(773) 277-2900,Juan,Wheat,,,6832 W North Ave # 1a,Chicago,IL,60707,(773) 309-6292
Judith Gleason-State Farm Ins,(773) 637-8547,Judith,Gleason,,,3364 W Devon Ave,Lincolnwood,IL,60712,(847) 239-5228
Judy Deleonardis-State Farm,(618) 259-1357,Judy,Deleonardis,,,3937 W Touhy Ave,Lincolnwood,IL,60712,(847) 673-7213
Julie Constable-State Farm Ins,(217) 224-0087,Julie,Constable,,,7225 N Cicero Ave,Lincolnwood,IL,60712,(847) 745-4441
Julie Nash-State Farm Ins Agnt,(708) 798-3550,Julie,Nash,,,4710 W Touhy Ave,Lincolnwood,IL,60712,(847) 677-7450
Julie Schuld-State Farm Ins,(815) 933-7732,Julie A,Schuld,,,3946 W Touhy Ave,Lincolnwood,IL,60712,(847) 673-6217
Julie Shelby-State Farm Ins,(630) 268-1818,Julie,Shelby,,,8045 1/2 N Milwaukee Ave,Niles,IL,60714,
Julie Weaver-State Farm Ins,(815) 282-9328,Julie,Weaver,,,8961 W Golf Rd,Niles,IL,60714,(847) 299-0639
Justin Cook-State Farm Ins,(309) 582-2389,Justin,Cook,,,6954 W Touhy Ave # 101,Niles,IL,60714,(847) 588-1227
Karen Ayers-State Farm Ins,(773) 728-2900,Karen,Ayers,,,8045 N Milwaukee Ave # I,Niles,IL,60714,(847) 470-9711
Karen Butterfield-State Farm,(630) 655-1600,Karen A,Butterfield,,,7900 N Milwaukee Ave # 14,Niles,IL,60714,(847) 967-5568
Karen Graham-State Farm Ins,(708) 755-3000,Karen,Graham,,,6610 N Milwaukee Ave,Niles,IL,60714,(847) 647-9774
Karen Mcclelland-State Farm,(309) 694-2500,Karen,Mc Clelland,,,241 Golf Mill Ctr # 316,Niles,IL,60714,(847) 699-1837
Karen Storm Monroe-State Farm,(309) 454-7274,Karen S,Monroe,,,7245 W Dempster St,Niles,IL,60714,(847) 965-3929
Karen Wilson-State Farm Ins,(618) 466-5774,Karen,Wilson,,,9103 N Milwaukee Ave,Niles,IL,60714,(847) 966-8446
Karl Zeimetz-State Farm Ins,(815) 756-3565,Karl K,Zeimetz,,,7958 N Waukegan Rd,Niles,IL,60714,(847) 965-1411
Kathleen Costello-State Farm,(708) 447-5858,Kathleen,Costello,,,5940 W Touhy Ave # 380,Niles,IL,60714,(847) 984-0725
Kathleen Mckenzie-State Farm,(312) 791-1200,Kathleen,Mckenzie,,,7942 W Oakton St,Niles,IL,60714,(847) 292-1611
Kathy Miller-State Farm Ins,(815) 485-4594,Kathy,Miller,,,3327 W 115th St,Merrionette Park,IL,60803,(708) 385-1199
Katie Bashary-State Farm Ins,(309) 527-4014,Katie,Bashary,,,3329 W 115th St,Merrionette Park,IL,60803,(708) 385-1199
Katie Young-State Farm Agent,(217) 679-6585,Katie R,Young,,,5159 W 111th St,Alsip,IL,60803,(708) 422-1324
Keating & Assoc,(773) 975-4020,Beth,Kruszewski,,,11630 S Pulaski Rd,Alsip,IL,60803,(708) 388-8082
Keith Sprague-State Farm Ins,(217) 544-7666,Keith,Sprague,,,6011 W 26th St,Cicero,IL,60804,(708) 222-9220
Kelly Cloyd-State Farm Ins,(309) 697-9066,Kelly,Cloyd,,,2231 S Laramie Ave,Cicero,IL,60804,(708) 222-1953
Ken Anderson-State Farm Ins,(708) 407-8000,Ken,Anderson,,,5738 W 35th St,Cicero,IL,60804,(708) 652-8023
Ken Bobbe-State Farm Ins Agent,(847) 255-4535,Ken,Bobbe,,,5009 W Cermak Rd,Cicero,IL,60804,(708) 656-9924
Ken Mercury-State Farm Ins,(773) 233-7776,Kenneth,Mercury,,,5742 W Cermak Rd,Cicero,IL,60804,(708) 863-3969
Ken Mulheran-State Farm Ins,(815) 806-9830,Ken,Mulheran,,,5725 W 35th St,Cicero,IL,60804,(708) 477-4683
Ken Siok-State Farm Ins Agent,(847) 394-4080,Kenneth P,Siok,,,3003 W 87th St,Evergreen Park,IL,60805,(708) 346-0849
Ken Wood II-State Farm Ins,(708) 246-2566,Kenneth,Wood Ii,,,3212 W 95th St,Evergreen Park,IL,60805,(773) 436-8370
Kenneth Doelling-State Farm,(618) 327-8330,Kenneth O,Doelling,,,3900 W 95th St # 4,Evergreen Park,IL,60805,
Kenney Insurance,(815) 288-1010,Fred,Kenney,,,8745 S Kedzie Ave,Evergreen Park,IL,60805,(708) 636-5947
Kenny Saxe-State Farm Ins Agnt,(618) 263-3663,Ken,Saxe,,,12518 S Ashland Ave,Calumet Park,IL,60827,(708) 824-0626
Kent Rouse-State Farm Ins Agnt,(847) 356-2111,Kent,Rouse,,,1413 W 127th St # H,Calumet Park,IL,60827,(708) 597-4218
Kenya Garner-State Farm Ins,(618) 997-1819,Kenya,Garner,,,1760 W Station St,Kankakee,IL,60901,(815) 933-6275
Kerry Stoudt-State Farm Ins,(309) 797-0066,Kerry,Stoudt,,,,Kankakee,IL,60901,
Kert Martin-State Farm Ins,(618) 548-2574,Kert,Martin,,,263 N Convent St # 7,Bourbonnais,IL,60914,
Kevin Collins-State Farm Ins,(708) 749-1337,Kevin,Collins,,,731 Larry Power Rd,Bourbonnais,IL,60914,(815) 937-8571
Kevin Doyle-State Farm Ins,(815) 335-7000,Kevin,Doyle,,,719 N Convent St,Bourbonnais,IL,60914,(815) 936-0372
Kevin Greco-State Farm Ins,(773) 281-0890,Charles,Rhodes,,,320 N Convent St,Bourbonnais,IL,60914,
Kevin Krusenoski-State Farm,(630) 581-5151,Kevin,Krusenoski,,,1250 N Convent St # A,Bourbonnais,IL,60914,(815) 937-5204
Kevin Monroe-State Farm Ins,(708) 333-5831,Kevin,Monroe,,,516 E Broadway St,Bradley,IL,60915,(815) 933-9479
Kim Cooper-State Farm Ins Agnt,(847) 882-4700,Kimberly J,Cooper,,,1106 Riverlane Dr,Bradley,IL,60915,(815) 933-7583
Kim Smiley-State Farm Ins Agnt,(708) 331-0864,Kim,Smiley,,,116 S Kinzie Ave,Bradley,IL,60915,(815) 932-6532
Kimberly Danlow-State Farm Ins,(312) 341-0123,Kimberly,Danlow,,,570 E North St,Bradley,IL,60915,(815) 935-8762
Kramer & Kramer Financial,(847) 759-8210,Todd,Kramer,,,396 S Kennedy Dr,Bradley,IL,60915,(815) 932-7376
Kris Dornbush-State Farm Ins,(217) 357-3153,Kris,Dornbush,,,1053 W Broadway St,Bradley,IL,60915,(815) 935-8051
"Krohe, Keith",(309) 758-5071,Keith,Krohe,,,314 N Sangamon Ave,Gibson City,IL,60936,(217) 784-8984
KRYS Jacobs-State Farm Ins,(618) 235-2800,Krys,Jacobs,,,105 E Crescent St,Gilman,IL,60938,(815) 573-0205
Kurt Bruno Insurance Co,(815) 539-3878,Kurt,Bruno,,,PO Box 268,Herscher,IL,60941,(815) 426-2910
Kurt Lenschow-State Farm Ins,(217) 352-1411,Kurt,Lenschow,,,49 N Main St,Manteno,IL,60950,(815) 468-6720
KWL Insurance,(773) 561-7000,,,,,143 N Market St,Paxton,IL,60957,(217) 379-2402
Kwl Insurance,(773) 561-7000,Barry C,Welzenfeld,,,539 E Walnut St,Watseka,IL,60970,(815) 432-4415
